minerID,power,rewards_gained,main_blocks_created,uncle_blocks_created
m0,1,0.000000,0.000000,0.000000
m1,1,0.000000,0.000000,0.000000
m2,1,0.000000,0.000000,0.000000
m3,1,0.000000,0.000000,0.000000
m4,2,0.000000,0.000000,0.000000
m5,2,0.000000,0.000000,0.000000
m6,2,0.000000,0.000000,0.000000
m7,3,0.000000,0.000000,0.000000
m8,4,0.000000,0.000000,0.000000
m9,5,0.000000,0.000000,0.000000
m10,6,0.000000,0.000000,0.000000
m11,7,0.000000,0.000000,0.000000
m12,8,0.000000,0.000000,0.000000
m13,10,0.000000,0.000000,0.000000
m14,12,0.000000,0.000000,0.000000
m15,15,0.000000,0.000000,0.000000
m16,18,0.000000,0.000000,0.000000
m17,22,0.000000,0.000000,0.000000
m18,26,0.000000,0.000000,0.000000
m19,31,0.000000,0.000000,0.000000
m20,38,0.000000,0.000000,0.000000
m21,46,0.000000,0.000000,0.000000
m22,55,0.000000,0.000000,0.000000
m23,66,0.000000,0.000000,0.000000
m24,79,0.000000,0.000000,0.000000
m25,95,0.000000,0.000000,0.000000
m26,114,0.000000,0.000000,0.000000
m27,137,0.000000,0.000000,0.000000
m28,164,0.000000,0.000000,0.000000
m29,197,0.000000,0.000000,0.000000
m30,237,0.000000,0.000000,0.000000
m31,284,0.000000,0.000000,0.000000
m32,341,0.000000,0.000000,0.000000
m33,410,0.000000,0.000000,0.000000
m34,492,0.000000,0.000000,0.000000
m35,590,0.000000,0.000000,0.000000
m36,708,0.000000,0.000000,0.000000
m37,850,0.000000,0.000000,0.000000
m38,1020,0.000000,0.000000,0.000000
m39,1224,0.000000,0.000000,0.000000
m40,1469,0.000000,0.000000,0.000000
m41,1763,0.000000,0.000000,0.000000
m42,2116,0.000000,0.000000,0.000000
m43,2539,0.000000,0.000000,0.000000
m44,3047,0.000000,0.000000,0.000000
m45,3657,0.000000,0.000000,0.000000
m46,4388,0.000000,0.000000,0.000000
m47,5266,0.000000,0.000000,0.000000
m48,6319,0.000000,0.000000,0.000000
m49,7583,0.000000,0.000000,0.000000
m50,9100,0.000000,0.000000,0.000000
m51,10920,0.000000,0.000000,0.000000
m52,13104,0.000000,0.000000,0.000000
m53,15725,5255.000000,1.000000,0.000000
m54,18870,0.000000,0.000000,0.000000
m55,22644,0.000000,0.000000,0.000000
m56,27173,0.000000,0.000000,0.000000
m57,32608,0.000000,0.000000,0.000000
m58,39130,0.000000,0.000000,0.000000
m59,46956,0.000000,0.000000,0.000000
m60,56347,0.000000,0.000000,0.000000
m61,67617,0.000000,0.000000,0.000000
m62,81140,0.000000,0.000000,0.000000
m63,97368,5973.000000,1.000000,0.000000
m64,116842,5417.000000,1.000000,0.000000
m65,140210,5386.000000,1.000000,0.000000
m66,168252,5848.000000,1.000000,0.000000
m67,201903,6782.000000,1.000000,0.000000
m68,242283,16457.000000,3.000000,0.000000
m69,290740,10559.000000,2.000000,0.000000
m70,348888,23670.000000,4.000000,0.000000
m71,418666,15974.000000,3.000000,0.000000
m72,502400,22013.000000,4.000000,0.000000
m73,602880,44864.000000,8.000000,0.000000
m74,723456,48616.000000,8.000000,0.000000
m75,868147,46923.000000,8.000000,0.000000
m76,1041776,27539.000000,5.000000,0.000000
m77,1250132,56398.000000,10.000000,0.000000
m78,1500158,46372.000000,8.000000,0.000000
m79,1800190,36513.000000,6.000000,0.000000
m80,2160228,62729.000000,11.000000,0.000000
m81,2592274,106502.000000,19.000000,0.000000
m82,3110728,148583.000000,26.000000,0.000000
m83,3732874,115896.000000,21.000000,0.000000
m84,4479449,184172.000000,33.000000,0.000000
m85,5375339,166631.000000,28.000000,0.000000
m86,6450407,281804.000000,50.000000,0.000000
m87,7740489,367317.000000,65.000000,0.000000
m88,9288586,393488.000000,70.000000,0.000000
m89,11146304,424332.000000,75.000000,0.000000
m90,13375565,529057.000000,92.000000,0.000000
m91,16050678,600870.000000,107.000000,0.000000
m92,19260813,744825.000000,132.000000,0.000000
m93,23112976,854525.000000,149.000000,0.000000
m94,27735572,1039032.000000,183.000000,0.000000
m95,33282686,1424769.000000,251.000000,0.000000
m96,39939223,1666839.000000,296.000000,0.000000
m97,47927068,2125305.000000,375.000000,0.000000
m98,57512482,2190146.000000,386.000000,0.000000
m99,69014978,3097505.000000,547.000000,0.000000
minerID,power,rewards_gained,main_blocks_created,uncle_blocks_created
m0,1,0.000000,0.000000,0.000000
m1,1,0.000000,0.000000,0.000000
m2,1,0.000000,0.000000,0.000000
m3,1,0.000000,0.000000,0.000000
m4,2,0.000000,0.000000,0.000000
m5,2,0.000000,0.000000,0.000000
m6,2,0.000000,0.000000,0.000000
m7,3,0.000000,0.000000,0.000000
m8,4,0.000000,0.000000,0.000000
m9,5,0.000000,0.000000,0.000000
m10,6,0.000000,0.000000,0.000000
m11,7,0.000000,0.000000,0.000000
m12,8,0.000000,0.000000,0.000000
m13,10,0.000000,0.000000,0.000000
m14,12,0.000000,0.000000,0.000000
m15,15,0.000000,0.000000,0.000000
m16,18,0.000000,0.000000,0.000000
m17,22,0.000000,0.000000,0.000000
m18,26,0.000000,0.000000,0.000000
m19,31,0.000000,0.000000,0.000000
m20,38,0.000000,0.000000,0.000000
m21,46,0.000000,0.000000,0.000000
m22,55,0.000000,0.000000,0.000000
m23,66,0.000000,0.000000,0.000000
m24,79,0.000000,0.000000,0.000000
m25,95,0.000000,0.000000,0.000000
m26,114,0.000000,0.000000,0.000000
m27,137,0.000000,0.000000,0.000000
m28,164,0.000000,0.000000,0.000000
m29,197,0.000000,0.000000,0.000000
m30,237,0.000000,0.000000,0.000000
m31,284,0.000000,0.000000,0.000000
m32,341,0.000000,0.000000,0.000000
m33,410,0.000000,0.000000,0.000000
m34,492,0.000000,0.000000,0.000000
m35,590,0.000000,0.000000,0.000000
m36,708,0.000000,0.000000,0.000000
m37,850,0.000000,0.000000,0.000000
m38,1020,0.000000,0.000000,0.000000
m39,1224,0.000000,0.000000,0.000000
m40,1469,0.000000,0.000000,0.000000
m41,1763,0.000000,0.000000,0.000000
m42,2116,0.000000,0.000000,0.000000
m43,2539,0.000000,0.000000,0.000000
m44,3047,0.000000,0.000000,0.000000
m45,3657,0.000000,0.000000,0.000000
m46,4388,0.000000,0.000000,0.000000
m47,5266,0.000000,0.000000,0.000000
m48,6319,0.000000,0.000000,0.000000
m49,7583,0.000000,0.000000,0.000000
m50,9100,0.000000,0.000000,0.000000
m51,10920,0.000000,0.000000,0.000000
m52,13104,0.000000,0.000000,0.000000
m53,15725,0.000000,0.000000,0.000000
m54,18870,0.000000,0.000000,0.000000
m55,22644,0.000000,0.000000,0.000000
m56,27173,0.000000,0.000000,0.000000
m57,32608,0.000000,0.000000,0.000000
m58,39130,0.000000,0.000000,0.000000
m59,46956,0.000000,0.000000,0.000000
m60,56347,0.000000,0.000000,0.000000
m61,67617,5333.000000,1.000000,0.000000
m62,81140,5813.000000,1.000000,0.000000
m63,97368,5737.000000,1.000000,0.000000
m64,116842,0.000000,0.000000,0.000000
m65,140210,5976.000000,1.000000,0.000000
m66,168252,0.000000,0.000000,0.000000
m67,201903,0.000000,0.000000,0.000000
m68,242283,0.000000,0.000000,0.000000
m69,290740,18215.000000,3.000000,0.000000
m70,348888,28273.000000,5.000000,0.000000
m71,418666,18589.000000,3.000000,0.000000
m72,502400,11583.000000,2.000000,0.000000
m73,602880,27657.000000,5.000000,0.000000
m74,723456,21488.000000,4.000000,0.000000
m75,868147,34101.000000,6.000000,0.000000
m76,1041776,16144.000000,3.000000,0.000000
m77,1250132,44390.000000,8.000000,0.000000
m78,1500158,46393.000000,8.000000,0.000000
m79,1800190,94869.000000,17.000000,0.000000
m80,2160228,95463.000000,17.000000,0.000000
m81,2592274,119451.000000,20.000000,0.000000
m82,3110728,107982.000000,19.000000,0.000000
m83,3732874,159058.000000,28.000000,0.000000
m84,4479449,179382.000000,32.000000,0.000000
m85,5375339,243023.000000,43.000000,0.000000
m86,6450407,268437.000000,46.000000,0.000000
m87,7740489,335016.000000,59.000000,0.000000
m88,9288586,409639.000000,71.000000,0.000000
m89,11146304,389571.000000,67.000000,0.000000
m90,13375565,556215.000000,98.000000,0.000000
m91,16050678,699681.000000,124.000000,0.000000
m92,19260813,745460.000000,131.000000,0.000000
m93,23112976,1112412.000000,196.000000,0.000000
m94,27735572,1045786.000000,185.000000,0.000000
m95,33282686,1665241.000000,295.000000,0.000000
m96,39939223,1543393.000000,273.000000,0.000000
m97,47927068,1493319.000000,264.000000,0.000000
m98,57512482,2576964.000000,459.000000,0.000000
m99,69014978,3139630.000000,559.000000,0.000000
minerID,power,rewards_gained,main_blocks_created,uncle_blocks_created
m0,1,0.000000,0.000000,0.000000
m1,1,0.000000,0.000000,0.000000
m2,1,0.000000,0.000000,0.000000
m3,1,0.000000,0.000000,0.000000
m4,2,0.000000,0.000000,0.000000
m5,2,0.000000,0.000000,0.000000
m6,2,0.000000,0.000000,0.000000
m7,3,0.000000,0.000000,0.000000
m8,4,0.000000,0.000000,0.000000
m9,5,0.000000,0.000000,0.000000
m10,6,0.000000,0.000000,0.000000
m11,7,0.000000,0.000000,0.000000
m12,8,0.000000,0.000000,0.000000
m13,10,0.000000,0.000000,0.000000
m14,12,0.000000,0.000000,0.000000
m15,15,0.000000,0.000000,0.000000
m16,18,0.000000,0.000000,0.000000
m17,22,0.000000,0.000000,0.000000
m18,26,0.000000,0.000000,0.000000
m19,31,0.000000,0.000000,0.000000
m20,38,0.000000,0.000000,0.000000
m21,46,0.000000,0.000000,0.000000
m22,55,0.000000,0.000000,0.000000
m23,66,0.000000,0.000000,0.000000
m24,79,0.000000,0.000000,0.000000
m25,95,0.000000,0.000000,0.000000
m26,114,0.000000,0.000000,0.000000
m27,137,0.000000,0.000000,0.000000
m28,164,0.000000,0.000000,0.000000
m29,197,0.000000,0.000000,0.000000
m30,237,0.000000,0.000000,0.000000
m31,284,0.000000,0.000000,0.000000
m32,341,0.000000,0.000000,0.000000
m33,410,0.000000,0.000000,0.000000
m34,492,0.000000,0.000000,0.000000
m35,590,0.000000,0.000000,0.000000
m36,708,0.000000,0.000000,0.000000
m37,850,0.000000,0.000000,0.000000
m38,1020,0.000000,0.000000,0.000000
m39,1224,0.000000,0.000000,0.000000
m40,1469,0.000000,0.000000,0.000000
m41,1763,0.000000,0.000000,0.000000
m42,2116,0.000000,0.000000,0.000000
m43,2539,0.000000,0.000000,0.000000
m44,3047,0.000000,0.000000,0.000000
m45,3657,0.000000,0.000000,0.000000
m46,4388,0.000000,0.000000,0.000000
m47,5266,0.000000,0.000000,0.000000
m48,6319,0.000000,0.000000,0.000000
m49,7583,0.000000,0.000000,0.000000
m50,9100,0.000000,0.000000,0.000000
m51,10920,0.000000,0.000000,0.000000
m52,13104,0.000000,0.000000,0.000000
m53,15725,0.000000,0.000000,0.000000
m54,18870,0.000000,0.000000,0.000000
m55,22644,6390.000000,1.000000,0.000000
m56,27173,0.000000,0.000000,0.000000
m57,32608,0.000000,0.000000,0.000000
m58,39130,0.000000,0.000000,0.000000
m59,46956,0.000000,0.000000,0.000000
m60,56347,0.000000,0.000000,0.000000
m61,67617,0.000000,0.000000,0.000000
m62,81140,5487.000000,1.000000,0.000000
m63,97368,0.000000,0.000000,0.000000
m64,116842,6826.000000,1.000000,0.000000
m65,140210,11660.000000,2.000000,0.000000
m66,168252,5358.000000,1.000000,0.000000
m67,201903,0.000000,0.000000,0.000000
m68,242283,0.000000,0.000000,0.000000
m69,290740,10804.000000,2.000000,0.000000
m70,348888,38377.000000,7.000000,0.000000
m71,418666,5334.000000,1.000000,0.000000
m72,502400,18743.000000,3.000000,0.000000
m73,602880,16675.000000,3.000000,0.000000
m74,723456,39405.000000,7.000000,0.000000
m75,868147,38774.000000,7.000000,0.000000
m76,1041776,21197.000000,4.000000,0.000000
m77,1250132,38151.000000,7.000000,0.000000
m78,1500158,84646.000000,15.000000,0.000000
m79,1800190,75296.000000,13.000000,0.000000
m80,2160228,121701.000000,21.000000,0.000000
m81,2592274,80465.000000,14.000000,0.000000
m82,3110728,110638.000000,19.000000,0.000000
m83,3732874,108750.000000,19.000000,0.000000
m84,4479449,196490.000000,36.000000,0.000000
m85,5375339,197171.000000,34.000000,0.000000
m86,6450407,247621.000000,44.000000,0.000000
m87,7740489,297196.000000,53.000000,0.000000
m88,9288586,354871.000000,62.000000,0.000000
m89,11146304,468905.000000,83.000000,0.000000
m90,13375565,510746.000000,90.000000,0.000000
m91,16050678,638369.000000,113.000000,0.000000
m92,19260813,799036.000000,141.000000,0.000000
m93,23112976,724947.000000,129.000000,0.000000
m94,27735572,1129510.000000,199.000000,0.000000
m95,33282686,1241401.000000,220.000000,0.000000
m96,39939223,1900193.000000,339.000000,0.000000
m97,47927068,2216178.000000,390.000000,0.000000
m98,57512482,2302215.000000,403.000000,0.000000
m99,69014978,3169831.000000,564.000000,0.000000
minerID,power,rewards_gained,main_blocks_created,uncle_blocks_created
m0,1,0.000000,0.000000,0.000000
m1,1,0.000000,0.000000,0.000000
m2,1,0.000000,0.000000,0.000000
m3,1,0.000000,0.000000,0.000000
m4,2,0.000000,0.000000,0.000000
m5,2,0.000000,0.000000,0.000000
m6,2,0.000000,0.000000,0.000000
m7,3,0.000000,0.000000,0.000000
m8,4,0.000000,0.000000,0.000000
m9,5,0.000000,0.000000,0.000000
m10,6,0.000000,0.000000,0.000000
m11,7,0.000000,0.000000,0.000000
m12,8,0.000000,0.000000,0.000000
m13,10,0.000000,0.000000,0.000000
m14,12,0.000000,0.000000,0.000000
m15,15,0.000000,0.000000,0.000000
m16,18,0.000000,0.000000,0.000000
m17,22,0.000000,0.000000,0.000000
m18,26,0.000000,0.000000,0.000000
m19,31,0.000000,0.000000,0.000000
m20,38,0.000000,0.000000,0.000000
m21,46,0.000000,0.000000,0.000000
m22,55,0.000000,0.000000,0.000000
m23,66,0.000000,0.000000,0.000000
m24,79,0.000000,0.000000,0.000000
m25,95,0.000000,0.000000,0.000000
m26,114,0.000000,0.000000,0.000000
m27,137,0.000000,0.000000,0.000000
m28,164,0.000000,0.000000,0.000000
m29,197,0.000000,0.000000,0.000000
m30,237,0.000000,0.000000,0.000000
m31,284,0.000000,0.000000,0.000000
m32,341,0.000000,0.000000,0.000000
m33,410,0.000000,0.000000,0.000000
m34,492,0.000000,0.000000,0.000000
m35,590,0.000000,0.000000,0.000000
m36,708,0.000000,0.000000,0.000000
m37,850,0.000000,0.000000,0.000000
m38,1020,0.000000,0.000000,0.000000
m39,1224,0.000000,0.000000,0.000000
m40,1469,0.000000,0.000000,0.000000
m41,1763,0.000000,0.000000,0.000000
m42,2116,0.000000,0.000000,0.000000
m43,2539,0.000000,0.000000,0.000000
m44,3047,0.000000,0.000000,0.000000
m45,3657,0.000000,0.000000,0.000000
m46,4388,0.000000,0.000000,0.000000
m47,5266,0.000000,0.000000,0.000000
m48,6319,0.000000,0.000000,0.000000
m49,7583,0.000000,0.000000,0.000000
m50,9100,0.000000,0.000000,0.000000
m51,10920,0.000000,0.000000,0.000000
m52,13104,0.000000,0.000000,0.000000
m53,15725,0.000000,0.000000,0.000000
m54,18870,0.000000,0.000000,0.000000
m55,22644,0.000000,0.000000,0.000000
m56,27173,0.000000,0.000000,0.000000
m57,32608,5474.000000,1.000000,0.000000
m58,39130,0.000000,0.000000,0.000000
m59,46956,0.000000,0.000000,0.000000
m60,56347,0.000000,0.000000,0.000000
m61,67617,5347.000000,1.000000,0.000000
m62,81140,0.000000,0.000000,0.000000
m63,97368,0.000000,0.000000,0.000000
m64,116842,0.000000,0.000000,0.000000
m65,140210,5586.000000,1.000000,0.000000
m66,168252,0.000000,0.000000,0.000000
m67,201903,12325.000000,2.000000,0.000000
m68,242283,5719.000000,1.000000,0.000000
m69,290740,28679.000000,5.000000,0.000000
m70,348888,22645.000000,4.000000,0.000000
m71,418666,5155.000000,1.000000,0.000000
m72,502400,16988.000000,3.000000,0.000000
m73,602880,17189.000000,3.000000,0.000000
m74,723456,25127.000000,4.000000,0.000000
m75,868147,26570.000000,5.000000,0.000000
m76,1041776,22213.000000,4.000000,0.000000
m77,1250132,56108.000000,10.000000,0.000000
m78,1500158,39948.000000,7.000000,0.000000
m79,1800190,68334.000000,12.000000,0.000000
m80,2160228,41561.000000,7.000000,0.000000
m81,2592274,113452.000000,20.000000,0.000000
m82,3110728,108814.000000,19.000000,0.000000
m83,3732874,153571.000000,27.000000,0.000000
m84,4479449,112677.000000,20.000000,0.000000
m85,5375339,231797.000000,40.000000,0.000000
m86,6450407,255759.000000,44.000000,0.000000
m87,7740489,262109.000000,46.000000,0.000000
m88,9288586,254080.000000,45.000000,0.000000
m89,11146304,434270.000000,78.000000,0.000000
m90,13375565,491660.000000,88.000000,0.000000
m91,16050678,705391.000000,127.000000,0.000000
m92,19260813,798904.000000,140.000000,0.000000
m93,23112976,1084203.000000,192.000000,0.000000
m94,27735572,916861.000000,162.000000,0.000000
m95,33282686,1250845.000000,219.000000,0.000000
m96,39939223,1617210.000000,287.000000,0.000000
m97,47927068,2063719.000000,365.000000,0.000000
m98,57512482,2688975.000000,478.000000,0.000000
m99,69014978,3365785.000000,595.000000,0.000000
minerID,power,rewards_gained,main_blocks_created,uncle_blocks_created
m0,1,0.000000,0.000000,0.000000
m1,1,0.000000,0.000000,0.000000
m2,1,0.000000,0.000000,0.000000
m3,1,0.000000,0.000000,0.000000
m4,2,0.000000,0.000000,0.000000
m5,2,0.000000,0.000000,0.000000
m6,2,0.000000,0.000000,0.000000
m7,3,0.000000,0.000000,0.000000
m8,4,0.000000,0.000000,0.000000
m9,5,0.000000,0.000000,0.000000
m10,6,0.000000,0.000000,0.000000
m11,7,0.000000,0.000000,0.000000
m12,8,0.000000,0.000000,0.000000
m13,10,0.000000,0.000000,0.000000
m14,12,0.000000,0.000000,0.000000
m15,15,0.000000,0.000000,0.000000
m16,18,0.000000,0.000000,0.000000
m17,22,0.000000,0.000000,0.000000
m18,26,0.000000,0.000000,0.000000
m19,31,0.000000,0.000000,0.000000
m20,38,0.000000,0.000000,0.000000
m21,46,0.000000,0.000000,0.000000
m22,55,0.000000,0.000000,0.000000
m23,66,0.000000,0.000000,0.000000
m24,79,0.000000,0.000000,0.000000
m25,95,0.000000,0.000000,0.000000
m26,114,0.000000,0.000000,0.000000
m27,137,0.000000,0.000000,0.000000
m28,164,0.000000,0.000000,0.000000
m29,197,0.000000,0.000000,0.000000
m30,237,0.000000,0.000000,0.000000
m31,284,0.000000,0.000000,0.000000
m32,341,0.000000,0.000000,0.000000
m33,410,0.000000,0.000000,0.000000
m34,492,0.000000,0.000000,0.000000
m35,590,0.000000,0.000000,0.000000
m36,708,0.000000,0.000000,0.000000
m37,850,0.000000,0.000000,0.000000
m38,1020,0.000000,0.000000,0.000000
m39,1224,0.000000,0.000000,0.000000
m40,1469,0.000000,0.000000,0.000000
m41,1763,0.000000,0.000000,0.000000
m42,2116,0.000000,0.000000,0.000000
m43,2539,0.000000,0.000000,0.000000
m44,3047,0.000000,0.000000,0.000000
m45,3657,0.000000,0.000000,0.000000
m46,4388,0.000000,0.000000,0.000000
m47,5266,0.000000,0.000000,0.000000
m48,6319,0.000000,0.000000,0.000000
m49,7583,0.000000,0.000000,0.000000
m50,9100,0.000000,0.000000,0.000000
m51,10920,0.000000,0.000000,0.000000
m52,13104,0.000000,0.000000,0.000000
m53,15725,0.000000,0.000000,0.000000
m54,18870,0.000000,0.000000,0.000000
m55,22644,0.000000,0.000000,0.000000
m56,27173,0.000000,0.000000,0.000000
m57,32608,0.000000,0.000000,0.000000
m58,39130,0.000000,0.000000,0.000000
m59,46956,0.000000,0.000000,0.000000
m60,56347,0.000000,0.000000,0.000000
m61,67617,0.000000,0.000000,0.000000
m62,81140,0.000000,0.000000,0.000000
m63,97368,5970.000000,1.000000,0.000000
m64,116842,5404.000000,1.000000,0.000000
m65,140210,11018.000000,2.000000,0.000000
m66,168252,0.000000,0.000000,0.000000
m67,201903,16117.000000,3.000000,0.000000
m68,242283,6111.000000,1.000000,0.000000
m69,290740,5278.000000,1.000000,0.000000
m70,348888,6078.000000,1.000000,0.000000
m71,418666,17435.000000,3.000000,0.000000
m72,502400,17118.000000,3.000000,0.000000
m73,602880,19128.000000,3.000000,0.000000
m74,723456,21815.000000,4.000000,0.000000
m75,868147,59546.000000,10.000000,0.000000
m76,1041776,22257.000000,4.000000,0.000000
m77,1250132,43949.000000,8.000000,0.000000
m78,1500158,60377.000000,11.000000,0.000000
m79,1800190,34583.000000,6.000000,0.000000
m80,2160228,84985.000000,15.000000,0.000000
m81,2592274,118313.000000,21.000000,0.000000
m82,3110728,95713.000000,17.000000,0.000000
m83,3732874,109466.000000,20.000000,0.000000
m84,4479449,165022.000000,29.000000,0.000000
m85,5375339,243182.000000,43.000000,0.000000
m86,6450407,287187.000000,50.000000,0.000000
m87,7740489,336468.000000,60.000000,0.000000
m88,9288586,379968.000000,67.000000,0.000000
m89,11146304,466482.000000,83.000000,0.000000
m90,13375565,576519.000000,103.000000,0.000000
m91,16050678,576822.000000,102.000000,0.000000
m92,19260813,756306.000000,132.000000,0.000000
m93,23112976,1027374.000000,182.000000,0.000000
m94,27735572,1144908.000000,202.000000,0.000000
m95,33282686,1604778.000000,284.000000,0.000000
m96,39939223,1715713.000000,307.000000,0.000000
m97,47927068,1842908.000000,326.000000,0.000000
m98,57512482,2646891.000000,466.000000,0.000000
m99,69014978,2698842.000000,475.000000,0.000000
minerID,power,rewards_gained,main_blocks_created,uncle_blocks_created
m0,1,0.000000,0.000000,0.000000
m1,1,0.000000,0.000000,0.000000
m2,1,0.000000,0.000000,0.000000
m3,1,0.000000,0.000000,0.000000
m4,2,0.000000,0.000000,0.000000
m5,2,0.000000,0.000000,0.000000
m6,2,0.000000,0.000000,0.000000
m7,3,0.000000,0.000000,0.000000
m8,4,0.000000,0.000000,0.000000
m9,5,0.000000,0.000000,0.000000
m10,6,0.000000,0.000000,0.000000
m11,7,0.000000,0.000000,0.000000
m12,8,0.000000,0.000000,0.000000
m13,10,0.000000,0.000000,0.000000
m14,12,0.000000,0.000000,0.000000
m15,15,0.000000,0.000000,0.000000
m16,18,0.000000,0.000000,0.000000
m17,22,0.000000,0.000000,0.000000
m18,26,0.000000,0.000000,0.000000
m19,31,0.000000,0.000000,0.000000
m20,38,0.000000,0.000000,0.000000
m21,46,0.000000,0.000000,0.000000
m22,55,0.000000,0.000000,0.000000
m23,66,0.000000,0.000000,0.000000
m24,79,0.000000,0.000000,0.000000
m25,95,0.000000,0.000000,0.000000
m26,114,0.000000,0.000000,0.000000
m27,137,0.000000,0.000000,0.000000
m28,164,0.000000,0.000000,0.000000
m29,197,0.000000,0.000000,0.000000
m30,237,0.000000,0.000000,0.000000
m31,284,0.000000,0.000000,0.000000
m32,341,0.000000,0.000000,0.000000
m33,410,0.000000,0.000000,0.000000
m34,492,0.000000,0.000000,0.000000
m35,590,0.000000,0.000000,0.000000
m36,708,0.000000,0.000000,0.000000
m37,850,0.000000,0.000000,0.000000
m38,1020,0.000000,0.000000,0.000000
m39,1224,0.000000,0.000000,0.000000
m40,1469,0.000000,0.000000,0.000000
m41,1763,0.000000,0.000000,0.000000
m42,2116,0.000000,0.000000,0.000000
m43,2539,0.000000,0.000000,0.000000
m44,3047,0.000000,0.000000,0.000000
m45,3657,0.000000,0.000000,0.000000
m46,4388,0.000000,0.000000,0.000000
m47,5266,0.000000,0.000000,0.000000
m48,6319,0.000000,0.000000,0.000000
m49,7583,0.000000,0.000000,0.000000
m50,9100,0.000000,0.000000,0.000000
m51,10920,5815.000000,1.000000,0.000000
m52,13104,0.000000,0.000000,0.000000
m53,15725,0.000000,0.000000,0.000000
m54,18870,0.000000,0.000000,0.000000
m55,22644,0.000000,0.000000,0.000000
m56,27173,0.000000,0.000000,0.000000
m57,32608,0.000000,0.000000,0.000000
m58,39130,0.000000,0.000000,0.000000
m59,46956,0.000000,0.000000,0.000000
m60,56347,6317.000000,1.000000,0.000000
m61,67617,0.000000,0.000000,0.000000
m62,81140,0.000000,0.000000,0.000000
m63,97368,0.000000,0.000000,0.000000
m64,116842,0.000000,0.000000,0.000000
m65,140210,15696.000000,3.000000,0.000000
m66,168252,11426.000000,2.000000,0.000000
m67,201903,0.000000,0.000000,0.000000
m68,242283,18790.000000,3.000000,0.000000
m69,290740,8712.000000,1.000000,0.000000
m70,348888,11007.000000,2.000000,0.000000
m71,418666,11837.000000,2.000000,0.000000
m72,502400,30357.000000,5.000000,0.000000
m73,602880,11578.000000,2.000000,0.000000
m74,723456,47360.000000,8.000000,0.000000
m75,868147,36641.000000,6.000000,0.000000
m76,1041776,43904.000000,8.000000,0.000000
m77,1250132,24109.000000,4.000000,0.000000
m78,1500158,49791.000000,9.000000,0.000000
m79,1800190,72626.000000,13.000000,0.000000
m80,2160228,111556.000000,20.000000,0.000000
m81,2592274,78486.000000,14.000000,0.000000
m82,3110728,164266.000000,29.000000,0.000000
m83,3732874,148199.000000,26.000000,0.000000
m84,4479449,136016.000000,24.000000,0.000000
m85,5375339,151811.000000,26.000000,0.000000
m86,6450407,209742.000000,37.000000,0.000000
m87,7740489,360806.000000,63.000000,0.000000
m88,9288586,253165.000000,45.000000,0.000000
m89,11146304,620726.000000,109.000000,0.000000
m90,13375565,600149.000000,106.000000,0.000000
m91,16050678,564979.000000,99.000000,0.000000
m92,19260813,806621.000000,143.000000,0.000000
m93,23112976,880336.000000,156.000000,0.000000
m94,27735572,1053075.000000,185.000000,0.000000
m95,33282686,1488177.000000,265.000000,0.000000
m96,39939223,1807537.000000,321.000000,0.000000
m97,47927068,1841363.000000,327.000000,0.000000
m98,57512482,2211515.000000,391.000000,0.000000
m99,69014978,3335127.000000,590.000000,0.000000
minerID,power,rewards_gained,main_blocks_created,uncle_blocks_created
m0,1,0.000000,0.000000,0.000000
m1,1,0.000000,0.000000,0.000000
m2,1,0.000000,0.000000,0.000000
m3,1,0.000000,0.000000,0.000000
m4,2,0.000000,0.000000,0.000000
m5,2,0.000000,0.000000,0.000000
m6,2,0.000000,0.000000,0.000000
m7,3,0.000000,0.000000,0.000000
m8,4,0.000000,0.000000,0.000000
m9,5,0.000000,0.000000,0.000000
m10,6,0.000000,0.000000,0.000000
m11,7,0.000000,0.000000,0.000000
m12,8,0.000000,0.000000,0.000000
m13,10,0.000000,0.000000,0.000000
m14,12,0.000000,0.000000,0.000000
m15,15,0.000000,0.000000,0.000000
m16,18,0.000000,0.000000,0.000000
m17,22,0.000000,0.000000,0.000000
m18,26,0.000000,0.000000,0.000000
m19,31,0.000000,0.000000,0.000000
m20,38,0.000000,0.000000,0.000000
m21,46,0.000000,0.000000,0.000000
m22,55,0.000000,0.000000,0.000000
m23,66,0.000000,0.000000,0.000000
m24,79,0.000000,0.000000,0.000000
m25,95,0.000000,0.000000,0.000000
m26,114,0.000000,0.000000,0.000000
m27,137,0.000000,0.000000,0.000000
m28,164,0.000000,0.000000,0.000000
m29,197,0.000000,0.000000,0.000000
m30,237,0.000000,0.000000,0.000000
m31,284,0.000000,0.000000,0.000000
m32,341,0.000000,0.000000,0.000000
m33,410,0.000000,0.000000,0.000000
m34,492,0.000000,0.000000,0.000000
m35,590,0.000000,0.000000,0.000000
m36,708,0.000000,0.000000,0.000000
m37,850,0.000000,0.000000,0.000000
m38,1020,0.000000,0.000000,0.000000
m39,1224,0.000000,0.000000,0.000000
m40,1469,0.000000,0.000000,0.000000
m41,1763,0.000000,0.000000,0.000000
m42,2116,0.000000,0.000000,0.000000
m43,2539,0.000000,0.000000,0.000000
m44,3047,0.000000,0.000000,0.000000
m45,3657,0.000000,0.000000,0.000000
m46,4388,5250.000000,1.000000,0.000000
m47,5266,0.000000,0.000000,0.000000
m48,6319,0.000000,0.000000,0.000000
m49,7583,0.000000,0.000000,0.000000
m50,9100,0.000000,0.000000,0.000000
m51,10920,0.000000,0.000000,0.000000
m52,13104,0.000000,0.000000,0.000000
m53,15725,5393.000000,1.000000,0.000000
m54,18870,0.000000,0.000000,0.000000
m55,22644,7058.000000,1.000000,0.000000
m56,27173,5646.000000,1.000000,0.000000
m57,32608,0.000000,0.000000,0.000000
m58,39130,0.000000,0.000000,0.000000
m59,46956,0.000000,0.000000,0.000000
m60,56347,0.000000,0.000000,0.000000
m61,67617,0.000000,0.000000,0.000000
m62,81140,0.000000,0.000000,0.000000
m63,97368,0.000000,0.000000,0.000000
m64,116842,0.000000,0.000000,0.000000
m65,140210,5354.000000,1.000000,0.000000
m66,168252,5661.000000,1.000000,0.000000
m67,201903,21403.000000,4.000000,0.000000
m68,242283,30551.000000,5.000000,0.000000
m69,290740,5598.000000,1.000000,0.000000
m70,348888,16717.000000,3.000000,0.000000
m71,418666,11746.000000,2.000000,0.000000
m72,502400,0.000000,0.000000,0.000000
m73,602880,21733.000000,4.000000,0.000000
m74,723456,39755.000000,7.000000,0.000000
m75,868147,11344.000000,2.000000,0.000000
m76,1041776,23302.000000,4.000000,0.000000
m77,1250132,35168.000000,6.000000,0.000000
m78,1500158,56412.000000,10.000000,0.000000
m79,1800190,69562.000000,12.000000,0.000000
m80,2160228,69447.000000,12.000000,0.000000
m81,2592274,99475.000000,17.000000,0.000000
m82,3110728,131497.000000,23.000000,0.000000
m83,3732874,84744.000000,15.000000,0.000000
m84,4479449,164609.000000,29.000000,0.000000
m85,5375339,266285.000000,47.000000,0.000000
m86,6450407,220137.000000,38.000000,0.000000
m87,7740489,353710.000000,63.000000,0.000000
m88,9288586,346161.000000,61.000000,0.000000
m89,11146304,443463.000000,79.000000,0.000000
m90,13375565,596694.000000,106.000000,0.000000
m91,16050678,734985.000000,131.000000,0.000000
m92,19260813,1060536.000000,188.000000,0.000000
m93,23112976,975866.000000,173.000000,0.000000
m94,27735572,1128866.000000,199.000000,0.000000
m95,33282686,1445349.000000,255.000000,0.000000
m96,39939223,1617029.000000,286.000000,0.000000
m97,47927068,1929865.000000,344.000000,0.000000
m98,57512482,2442656.000000,432.000000,0.000000
m99,69014978,2806003.000000,495.000000,0.000000
minerID,power,rewards_gained,main_blocks_created,uncle_blocks_created
m0,1,0.000000,0.000000,0.000000
m1,1,0.000000,0.000000,0.000000
m2,1,0.000000,0.000000,0.000000
m3,1,0.000000,0.000000,0.000000
m4,2,0.000000,0.000000,0.000000
m5,2,0.000000,0.000000,0.000000
m6,2,0.000000,0.000000,0.000000
m7,3,0.000000,0.000000,0.000000
m8,4,0.000000,0.000000,0.000000
m9,5,0.000000,0.000000,0.000000
m10,6,0.000000,0.000000,0.000000
m11,7,0.000000,0.000000,0.000000
m12,8,0.000000,0.000000,0.000000
m13,10,0.000000,0.000000,0.000000
m14,12,0.000000,0.000000,0.000000
m15,15,0.000000,0.000000,0.000000
m16,18,0.000000,0.000000,0.000000
m17,22,0.000000,0.000000,0.000000
m18,26,0.000000,0.000000,0.000000
m19,31,0.000000,0.000000,0.000000
m20,38,0.000000,0.000000,0.000000
m21,46,0.000000,0.000000,0.000000
m22,55,0.000000,0.000000,0.000000
m23,66,0.000000,0.000000,0.000000
m24,79,0.000000,0.000000,0.000000
m25,95,0.000000,0.000000,0.000000
m26,114,0.000000,0.000000,0.000000
m27,137,0.000000,0.000000,0.000000
m28,164,0.000000,0.000000,0.000000
m29,197,0.000000,0.000000,0.000000
m30,237,0.000000,0.000000,0.000000
m31,284,0.000000,0.000000,0.000000
m32,341,0.000000,0.000000,0.000000
m33,410,0.000000,0.000000,0.000000
m34,492,0.000000,0.000000,0.000000
m35,590,0.000000,0.000000,0.000000
m36,708,0.000000,0.000000,0.000000
m37,850,0.000000,0.000000,0.000000
m38,1020,0.000000,0.000000,0.000000
m39,1224,0.000000,0.000000,0.000000
m40,1469,0.000000,0.000000,0.000000
m41,1763,0.000000,0.000000,0.000000
m42,2116,0.000000,0.000000,0.000000
m43,2539,0.000000,0.000000,0.000000
m44,3047,0.000000,0.000000,0.000000
m45,3657,0.000000,0.000000,0.000000
m46,4388,0.000000,0.000000,0.000000
m47,5266,0.000000,0.000000,0.000000
m48,6319,0.000000,0.000000,0.000000
m49,7583,0.000000,0.000000,0.000000
m50,9100,0.000000,0.000000,0.000000
m51,10920,5674.000000,1.000000,0.000000
m52,13104,0.000000,0.000000,0.000000
m53,15725,5203.000000,1.000000,0.000000
m54,18870,5721.000000,1.000000,0.000000
m55,22644,0.000000,0.000000,0.000000
m56,27173,5634.000000,1.000000,0.000000
m57,32608,0.000000,0.000000,0.000000
m58,39130,0.000000,0.000000,0.000000
m59,46956,6286.000000,1.000000,0.000000
m60,56347,0.000000,0.000000,0.000000
m61,67617,10827.000000,2.000000,0.000000
m62,81140,0.000000,0.000000,0.000000
m63,97368,0.000000,0.000000,0.000000
m64,116842,5258.000000,1.000000,0.000000
m65,140210,5301.000000,1.000000,0.000000
m66,168252,27848.000000,5.000000,0.000000
m67,201903,5558.000000,1.000000,0.000000
m68,242283,0.000000,0.000000,0.000000
m69,290740,5247.000000,1.000000,0.000000
m70,348888,10669.000000,2.000000,0.000000
m71,418666,26571.000000,5.000000,0.000000
m72,502400,37782.000000,7.000000,0.000000
m73,602880,33610.000000,6.000000,0.000000
m74,723456,38561.000000,7.000000,0.000000
m75,868147,17058.000000,3.000000,0.000000
m76,1041776,38319.000000,7.000000,0.000000
m77,1250132,81858.000000,14.000000,0.000000
m78,1500158,38919.000000,7.000000,0.000000
m79,1800190,96103.000000,17.000000,0.000000
m80,2160228,81805.000000,14.000000,0.000000
m81,2592274,99524.000000,18.000000,0.000000
m82,3110728,93462.000000,17.000000,0.000000
m83,3732874,172914.000000,30.000000,0.000000
m84,4479449,141312.000000,25.000000,0.000000
m85,5375339,285398.000000,50.000000,0.000000
m86,6450407,183634.000000,33.000000,0.000000
m87,7740489,297235.000000,52.000000,0.000000
m88,9288586,337670.000000,60.000000,0.000000
m89,11146304,346488.000000,60.000000,0.000000
m90,13375565,495494.000000,88.000000,0.000000
m91,16050678,687762.000000,121.000000,0.000000
m92,19260813,802112.000000,142.000000,0.000000
m93,23112976,975503.000000,174.000000,0.000000
m94,27735572,1159859.000000,205.000000,0.000000
m95,33282686,1468204.000000,260.000000,0.000000
m96,39939223,1554497.000000,274.000000,0.000000
m97,47927068,2207685.000000,392.000000,0.000000
m98,57512482,2330535.000000,408.000000,0.000000
m99,69014978,3070463.000000,546.000000,0.000000
minerID,power,rewards_gained,main_blocks_created,uncle_blocks_created
m0,1,0.000000,0.000000,0.000000
m1,1,0.000000,0.000000,0.000000
m2,1,0.000000,0.000000,0.000000
m3,1,0.000000,0.000000,0.000000
m4,2,0.000000,0.000000,0.000000
m5,2,0.000000,0.000000,0.000000
m6,2,0.000000,0.000000,0.000000
m7,3,0.000000,0.000000,0.000000
m8,4,0.000000,0.000000,0.000000
m9,5,0.000000,0.000000,0.000000
m10,6,0.000000,0.000000,0.000000
m11,7,0.000000,0.000000,0.000000
m12,8,0.000000,0.000000,0.000000
m13,10,0.000000,0.000000,0.000000
m14,12,0.000000,0.000000,0.000000
m15,15,0.000000,0.000000,0.000000
m16,18,0.000000,0.000000,0.000000
m17,22,0.000000,0.000000,0.000000
m18,26,0.000000,0.000000,0.000000
m19,31,0.000000,0.000000,0.000000
m20,38,0.000000,0.000000,0.000000
m21,46,0.000000,0.000000,0.000000
m22,55,0.000000,0.000000,0.000000
m23,66,0.000000,0.000000,0.000000
m24,79,0.000000,0.000000,0.000000
m25,95,0.000000,0.000000,0.000000
m26,114,0.000000,0.000000,0.000000
m27,137,0.000000,0.000000,0.000000
m28,164,0.000000,0.000000,0.000000
m29,197,0.000000,0.000000,0.000000
m30,237,0.000000,0.000000,0.000000
m31,284,0.000000,0.000000,0.000000
m32,341,0.000000,0.000000,0.000000
m33,410,0.000000,0.000000,0.000000
m34,492,0.000000,0.000000,0.000000
m35,590,0.000000,0.000000,0.000000
m36,708,5435.000000,1.000000,0.000000
m37,850,0.000000,0.000000,0.000000
m38,1020,0.000000,0.000000,0.000000
m39,1224,0.000000,0.000000,0.000000
m40,1469,0.000000,0.000000,0.000000
m41,1763,0.000000,0.000000,0.000000
m42,2116,0.000000,0.000000,0.000000
m43,2539,0.000000,0.000000,0.000000
m44,3047,0.000000,0.000000,0.000000
m45,3657,0.000000,0.000000,0.000000
m46,4388,5382.000000,1.000000,0.000000
m47,5266,0.000000,0.000000,0.000000
m48,6319,0.000000,0.000000,0.000000
m49,7583,0.000000,0.000000,0.000000
m50,9100,0.000000,0.000000,0.000000
m51,10920,0.000000,0.000000,0.000000
m52,13104,0.000000,0.000000,0.000000
m53,15725,0.000000,0.000000,0.000000
m54,18870,0.000000,0.000000,0.000000
m55,22644,0.000000,0.000000,0.000000
m56,27173,0.000000,0.000000,0.000000
m57,32608,0.000000,0.000000,0.000000
m58,39130,0.000000,0.000000,0.000000
m59,46956,0.000000,0.000000,0.000000
m60,56347,5037.000000,1.000000,0.000000
m61,67617,16973.000000,3.000000,0.000000
m62,81140,0.000000,0.000000,0.000000
m63,97368,0.000000,0.000000,0.000000
m64,116842,0.000000,0.000000,0.000000
m65,140210,0.000000,0.000000,0.000000
m66,168252,0.000000,0.000000,0.000000
m67,201903,16665.000000,3.000000,0.000000
m68,242283,10676.000000,2.000000,0.000000
m69,290740,10841.000000,2.000000,0.000000
m70,348888,10549.000000,2.000000,0.000000
m71,418666,11912.000000,2.000000,0.000000
m72,502400,11170.000000,2.000000,0.000000
m73,602880,5926.000000,1.000000,0.000000
m74,723456,21588.000000,4.000000,0.000000
m75,868147,57940.000000,10.000000,0.000000
m76,1041776,38321.000000,6.000000,0.000000
m77,1250132,32573.000000,6.000000,0.000000
m78,1500158,66958.000000,12.000000,0.000000
m79,1800190,59301.000000,10.000000,0.000000
m80,2160228,92351.000000,16.000000,0.000000
m81,2592274,89599.000000,16.000000,0.000000
m82,3110728,109395.000000,19.000000,0.000000
m83,3732874,149463.000000,27.000000,0.000000
m84,4479449,171951.000000,30.000000,0.000000
m85,5375339,185575.000000,33.000000,0.000000
m86,6450407,242539.000000,43.000000,0.000000
m87,7740489,372068.000000,67.000000,0.000000
m88,9288586,382793.000000,68.000000,0.000000
m89,11146304,468402.000000,83.000000,0.000000
m90,13375565,656335.000000,115.000000,0.000000
m91,16050678,683601.000000,122.000000,0.000000
m92,19260813,863325.000000,155.000000,0.000000
m93,23112976,951054.000000,166.000000,0.000000
m94,27735572,1003961.000000,174.000000,0.000000
m95,33282686,1487819.000000,264.000000,0.000000
m96,39939223,1831186.000000,323.000000,0.000000
m97,47927068,1812284.000000,321.000000,0.000000
m98,57512482,2471130.000000,441.000000,0.000000
m99,69014978,2947453.000000,521.000000,0.000000
minerID,power,rewards_gained,main_blocks_created,uncle_blocks_created
m0,1,0.000000,0.000000,0.000000
m1,1,0.000000,0.000000,0.000000
m2,1,0.000000,0.000000,0.000000
m3,1,0.000000,0.000000,0.000000
m4,2,0.000000,0.000000,0.000000
m5,2,0.000000,0.000000,0.000000
m6,2,0.000000,0.000000,0.000000
m7,3,0.000000,0.000000,0.000000
m8,4,0.000000,0.000000,0.000000
m9,5,0.000000,0.000000,0.000000
m10,6,0.000000,0.000000,0.000000
m11,7,0.000000,0.000000,0.000000
m12,8,0.000000,0.000000,0.000000
m13,10,0.000000,0.000000,0.000000
m14,12,0.000000,0.000000,0.000000
m15,15,0.000000,0.000000,0.000000
m16,18,0.000000,0.000000,0.000000
m17,22,0.000000,0.000000,0.000000
m18,26,0.000000,0.000000,0.000000
m19,31,0.000000,0.000000,0.000000
m20,38,0.000000,0.000000,0.000000
m21,46,0.000000,0.000000,0.000000
m22,55,0.000000,0.000000,0.000000
m23,66,0.000000,0.000000,0.000000
m24,79,0.000000,0.000000,0.000000
m25,95,0.000000,0.000000,0.000000
m26,114,0.000000,0.000000,0.000000
m27,137,0.000000,0.000000,0.000000
m28,164,0.000000,0.000000,0.000000
m29,197,0.000000,0.000000,0.000000
m30,237,0.000000,0.000000,0.000000
m31,284,0.000000,0.000000,0.000000
m32,341,0.000000,0.000000,0.000000
m33,410,0.000000,0.000000,0.000000
m34,492,0.000000,0.000000,0.000000
m35,590,0.000000,0.000000,0.000000
m36,708,0.000000,0.000000,0.000000
m37,850,0.000000,0.000000,0.000000
m38,1020,0.000000,0.000000,0.000000
m39,1224,0.000000,0.000000,0.000000
m40,1469,0.000000,0.000000,0.000000
m41,1763,0.000000,0.000000,0.000000
m42,2116,0.000000,0.000000,0.000000
m43,2539,0.000000,0.000000,0.000000
m44,3047,0.000000,0.000000,0.000000
m45,3657,5297.000000,1.000000,0.000000
m46,4388,0.000000,0.000000,0.000000
m47,5266,0.000000,0.000000,0.000000
m48,6319,0.000000,0.000000,0.000000
m49,7583,0.000000,0.000000,0.000000
m50,9100,0.000000,0.000000,0.000000
m51,10920,0.000000,0.000000,0.000000
m52,13104,0.000000,0.000000,0.000000
m53,15725,0.000000,0.000000,0.000000
m54,18870,0.000000,0.000000,0.000000
m55,22644,0.000000,0.000000,0.000000
m56,27173,0.000000,0.000000,0.000000
m57,32608,0.000000,0.000000,0.000000
m58,39130,0.000000,0.000000,0.000000
m59,46956,0.000000,0.000000,0.000000
m60,56347,0.000000,0.000000,0.000000
m61,67617,0.000000,0.000000,0.000000
m62,81140,0.000000,0.000000,0.000000
m63,97368,0.000000,0.000000,0.000000
m64,116842,6018.000000,1.000000,0.000000
m65,140210,5808.000000,1.000000,0.000000
m66,168252,10904.000000,2.000000,0.000000
m67,201903,0.000000,0.000000,0.000000
m68,242283,16406.000000,3.000000,0.000000
m69,290740,0.000000,0.000000,0.000000
m70,348888,11130.000000,2.000000,0.000000
m71,418666,22952.000000,4.000000,0.000000
m72,502400,23162.000000,4.000000,0.000000
m73,602880,35937.000000,6.000000,0.000000
m74,723456,21064.000000,4.000000,0.000000
m75,868147,39883.000000,7.000000,0.000000
m76,1041776,46211.000000,8.000000,0.000000
m77,1250132,56636.000000,10.000000,0.000000
m78,1500158,71760.000000,13.000000,0.000000
m79,1800190,89537.000000,16.000000,0.000000
m80,2160228,111143.000000,20.000000,0.000000
m81,2592274,96099.000000,17.000000,0.000000
m82,3110728,118767.000000,21.000000,0.000000
m83,3732874,206492.000000,37.000000,0.000000
m84,4479449,171454.000000,30.000000,0.000000
m85,5375339,230731.000000,41.000000,0.000000
m86,6450407,307452.000000,55.000000,0.000000
m87,7740489,288264.000000,50.000000,0.000000
m88,9288586,249966.000000,44.000000,0.000000
m89,11146304,402806.000000,70.000000,0.000000
m90,13375565,614293.000000,109.000000,0.000000
m91,16050678,540919.000000,94.000000,0.000000
m92,19260813,831419.000000,147.000000,0.000000
m93,23112976,956011.000000,169.000000,0.000000
m94,27735572,1129276.000000,201.000000,0.000000
m95,33282686,1424726.000000,253.000000,0.000000
m96,39939223,1811422.000000,320.000000,0.000000
m97,47927068,1873047.000000,332.000000,0.000000
m98,57512482,2197265.000000,388.000000,0.000000
m99,69014978,3260260.000000,577.000000,0.000000
minerID,power,rewards_gained,main_blocks_created,uncle_blocks_created
m0,1,0.000000,0.000000,0.000000
m1,1,0.000000,0.000000,0.000000
m2,1,0.000000,0.000000,0.000000
m3,1,0.000000,0.000000,0.000000
m4,2,0.000000,0.000000,0.000000
m5,2,0.000000,0.000000,0.000000
m6,2,0.000000,0.000000,0.000000
m7,3,0.000000,0.000000,0.000000
m8,4,0.000000,0.000000,0.000000
m9,5,0.000000,0.000000,0.000000
m10,6,0.000000,0.000000,0.000000
m11,7,0.000000,0.000000,0.000000
m12,8,0.000000,0.000000,0.000000
m13,10,0.000000,0.000000,0.000000
m14,12,0.000000,0.000000,0.000000
m15,15,0.000000,0.000000,0.000000
m16,18,0.000000,0.000000,0.000000
m17,22,0.000000,0.000000,0.000000
m18,26,0.000000,0.000000,0.000000
m19,31,0.000000,0.000000,0.000000
m20,38,0.000000,0.000000,0.000000
m21,46,0.000000,0.000000,0.000000
m22,55,0.000000,0.000000,0.000000
m23,66,0.000000,0.000000,0.000000
m24,79,0.000000,0.000000,0.000000
m25,95,0.000000,0.000000,0.000000
m26,114,0.000000,0.000000,0.000000
m27,137,0.000000,0.000000,0.000000
m28,164,0.000000,0.000000,0.000000
m29,197,0.000000,0.000000,0.000000
m30,237,0.000000,0.000000,0.000000
m31,284,0.000000,0.000000,0.000000
m32,341,0.000000,0.000000,0.000000
m33,410,0.000000,0.000000,0.000000
m34,492,0.000000,0.000000,0.000000
m35,590,0.000000,0.000000,0.000000
m36,708,0.000000,0.000000,0.000000
m37,850,0.000000,0.000000,0.000000
m38,1020,0.000000,0.000000,0.000000
m39,1224,0.000000,0.000000,0.000000
m40,1469,0.000000,0.000000,0.000000
m41,1763,0.000000,0.000000,0.000000
m42,2116,0.000000,0.000000,0.000000
m43,2539,0.000000,0.000000,0.000000
m44,3047,0.000000,0.000000,0.000000
m45,3657,0.000000,0.000000,0.000000
m46,4388,0.000000,0.000000,0.000000
m47,5266,0.000000,0.000000,0.000000
m48,6319,0.000000,0.000000,0.000000
m49,7583,0.000000,0.000000,0.000000
m50,9100,0.000000,0.000000,0.000000
m51,10920,0.000000,0.000000,0.000000
m52,13104,0.000000,0.000000,0.000000
m53,15725,0.000000,0.000000,0.000000
m54,18870,0.000000,0.000000,0.000000
m55,22644,0.000000,0.000000,0.000000
m56,27173,5311.000000,1.000000,0.000000
m57,32608,0.000000,0.000000,0.000000
m58,39130,11217.000000,2.000000,0.000000
m59,46956,0.000000,0.000000,0.000000
m60,56347,0.000000,0.000000,0.000000
m61,67617,5495.000000,1.000000,0.000000
m62,81140,0.000000,0.000000,0.000000
m63,97368,5211.000000,1.000000,0.000000
m64,116842,5558.000000,1.000000,0.000000
m65,140210,10807.000000,2.000000,0.000000
m66,168252,0.000000,0.000000,0.000000
m67,201903,5447.000000,1.000000,0.000000
m68,242283,6305.000000,1.000000,0.000000
m69,290740,10614.000000,2.000000,0.000000
m70,348888,0.000000,0.000000,0.000000
m71,418666,28917.000000,5.000000,0.000000
m72,502400,16405.000000,3.000000,0.000000
m73,602880,34582.000000,6.000000,0.000000
m74,723456,21453.000000,4.000000,0.000000
m75,868147,34994.000000,6.000000,0.000000
m76,1041776,51514.000000,9.000000,0.000000
m77,1250132,33861.000000,6.000000,0.000000
m78,1500158,65024.000000,11.000000,0.000000
m79,1800190,71530.000000,13.000000,0.000000
m80,2160228,83765.000000,15.000000,0.000000
m81,2592274,105516.000000,18.000000,0.000000
m82,3110728,149035.000000,27.000000,0.000000
m83,3732874,133016.000000,23.000000,0.000000
m84,4479449,212190.000000,37.000000,0.000000
m85,5375339,233715.000000,42.000000,0.000000
m86,6450407,358935.000000,64.000000,0.000000
m87,7740489,314226.000000,56.000000,0.000000
m88,9288586,302078.000000,54.000000,0.000000
m89,11146304,484429.000000,86.000000,0.000000
m90,13375565,529550.000000,94.000000,0.000000
m91,16050678,613069.000000,109.000000,0.000000
m92,19260813,740311.000000,130.000000,0.000000
m93,23112976,963921.000000,171.000000,0.000000
m94,27735572,1056524.000000,185.000000,0.000000
m95,33282686,1342660.000000,238.000000,0.000000
m96,39939223,1729415.000000,308.000000,0.000000
m97,47927068,1765262.000000,312.000000,0.000000
m98,57512482,2637392.000000,466.000000,0.000000
m99,69014978,3250808.000000,576.000000,0.000000
minerID,power,rewards_gained,main_blocks_created,uncle_blocks_created
m0,1,0.000000,0.000000,0.000000
m1,1,0.000000,0.000000,0.000000
m2,1,0.000000,0.000000,0.000000
m3,1,0.000000,0.000000,0.000000
m4,2,0.000000,0.000000,0.000000
m5,2,0.000000,0.000000,0.000000
m6,2,0.000000,0.000000,0.000000
m7,3,0.000000,0.000000,0.000000
m8,4,0.000000,0.000000,0.000000
m9,5,0.000000,0.000000,0.000000
m10,6,0.000000,0.000000,0.000000
m11,7,0.000000,0.000000,0.000000
m12,8,0.000000,0.000000,0.000000
m13,10,0.000000,0.000000,0.000000
m14,12,0.000000,0.000000,0.000000
m15,15,0.000000,0.000000,0.000000
m16,18,0.000000,0.000000,0.000000
m17,22,0.000000,0.000000,0.000000
m18,26,0.000000,0.000000,0.000000
m19,31,0.000000,0.000000,0.000000
m20,38,0.000000,0.000000,0.000000
m21,46,0.000000,0.000000,0.000000
m22,55,0.000000,0.000000,0.000000
m23,66,0.000000,0.000000,0.000000
m24,79,0.000000,0.000000,0.000000
m25,95,0.000000,0.000000,0.000000
m26,114,0.000000,0.000000,0.000000
m27,137,0.000000,0.000000,0.000000
m28,164,0.000000,0.000000,0.000000
m29,197,0.000000,0.000000,0.000000
m30,237,0.000000,0.000000,0.000000
m31,284,0.000000,0.000000,0.000000
m32,341,0.000000,0.000000,0.000000
m33,410,0.000000,0.000000,0.000000
m34,492,0.000000,0.000000,0.000000
m35,590,0.000000,0.000000,0.000000
m36,708,0.000000,0.000000,0.000000
m37,850,0.000000,0.000000,0.000000
m38,1020,0.000000,0.000000,0.000000
m39,1224,0.000000,0.000000,0.000000
m40,1469,0.000000,0.000000,0.000000
m41,1763,0.000000,0.000000,0.000000
m42,2116,0.000000,0.000000,0.000000
m43,2539,0.000000,0.000000,0.000000
m44,3047,0.000000,0.000000,0.000000
m45,3657,0.000000,0.000000,0.000000
m46,4388,0.000000,0.000000,0.000000
m47,5266,0.000000,0.000000,0.000000
m48,6319,0.000000,0.000000,0.000000
m49,7583,0.000000,0.000000,0.000000
m50,9100,0.000000,0.000000,0.000000
m51,10920,0.000000,0.000000,0.000000
m52,13104,0.000000,0.000000,0.000000
m53,15725,0.000000,0.000000,0.000000
m54,18870,0.000000,0.000000,0.000000
m55,22644,0.000000,0.000000,0.000000
m56,27173,10945.000000,2.000000,0.000000
m57,32608,0.000000,0.000000,0.000000
m58,39130,0.000000,0.000000,0.000000
m59,46956,5352.000000,1.000000,0.000000
m60,56347,0.000000,0.000000,0.000000
m61,67617,0.000000,0.000000,0.000000
m62,81140,5593.000000,1.000000,0.000000
m63,97368,0.000000,0.000000,0.000000
m64,116842,5958.000000,1.000000,0.000000
m65,140210,6169.000000,1.000000,0.000000
m66,168252,0.000000,0.000000,0.000000
m67,201903,0.000000,0.000000,0.000000
m68,242283,18149.000000,3.000000,0.000000
m69,290740,16471.000000,3.000000,0.000000
m70,348888,16138.000000,3.000000,0.000000
m71,418666,18549.000000,3.000000,0.000000
m72,502400,11043.000000,2.000000,0.000000
m73,602880,22499.000000,4.000000,0.000000
m74,723456,27040.000000,5.000000,0.000000
m75,868147,16230.000000,3.000000,0.000000
m76,1041776,46338.000000,8.000000,0.000000
m77,1250132,50109.000000,9.000000,0.000000
m78,1500158,61033.000000,11.000000,0.000000
m79,1800190,21895.000000,4.000000,0.000000
m80,2160228,86234.000000,15.000000,0.000000
m81,2592274,96965.000000,16.000000,0.000000
m82,3110728,117533.000000,20.000000,0.000000
m83,3732874,117054.000000,21.000000,0.000000
m84,4479449,164680.000000,30.000000,0.000000
m85,5375339,176585.000000,32.000000,0.000000
m86,6450407,245107.000000,43.000000,0.000000
m87,7740489,315318.000000,55.000000,0.000000
m88,9288586,508034.000000,91.000000,0.000000
m89,11146304,430244.000000,76.000000,0.000000
m90,13375565,517323.000000,91.000000,0.000000
m91,16050678,601360.000000,106.000000,0.000000
m92,19260813,678557.000000,120.000000,0.000000
m93,23112976,965113.000000,171.000000,0.000000
m94,27735572,1225017.000000,216.000000,0.000000
m95,33282686,1323433.000000,234.000000,0.000000
m96,39939223,1556207.000000,275.000000,0.000000
m97,47927068,2088410.000000,366.000000,0.000000
m98,57512482,2401851.000000,428.000000,0.000000
m99,69014978,3165400.000000,558.000000,0.000000
minerID,power,rewards_gained,main_blocks_created,uncle_blocks_created
m0,1,0.000000,0.000000,0.000000
m1,1,0.000000,0.000000,0.000000
m2,1,0.000000,0.000000,0.000000
m3,1,0.000000,0.000000,0.000000
m4,2,0.000000,0.000000,0.000000
m5,2,0.000000,0.000000,0.000000
m6,2,0.000000,0.000000,0.000000
m7,3,0.000000,0.000000,0.000000
m8,4,0.000000,0.000000,0.000000
m9,5,0.000000,0.000000,0.000000
m10,6,0.000000,0.000000,0.000000
m11,7,0.000000,0.000000,0.000000
m12,8,0.000000,0.000000,0.000000
m13,10,0.000000,0.000000,0.000000
m14,12,0.000000,0.000000,0.000000
m15,15,0.000000,0.000000,0.000000
m16,18,0.000000,0.000000,0.000000
m17,22,0.000000,0.000000,0.000000
m18,26,0.000000,0.000000,0.000000
m19,31,0.000000,0.000000,0.000000
m20,38,0.000000,0.000000,0.000000
m21,46,0.000000,0.000000,0.000000
m22,55,0.000000,0.000000,0.000000
m23,66,0.000000,0.000000,0.000000
m24,79,0.000000,0.000000,0.000000
m25,95,0.000000,0.000000,0.000000
m26,114,0.000000,0.000000,0.000000
m27,137,0.000000,0.000000,0.000000
m28,164,0.000000,0.000000,0.000000
m29,197,0.000000,0.000000,0.000000
m30,237,0.000000,0.000000,0.000000
m31,284,0.000000,0.000000,0.000000
m32,341,0.000000,0.000000,0.000000
m33,410,0.000000,0.000000,0.000000
m34,492,0.000000,0.000000,0.000000
m35,590,0.000000,0.000000,0.000000
m36,708,0.000000,0.000000,0.000000
m37,850,0.000000,0.000000,0.000000
m38,1020,0.000000,0.000000,0.000000
m39,1224,0.000000,0.000000,0.000000
m40,1469,0.000000,0.000000,0.000000
m41,1763,0.000000,0.000000,0.000000
m42,2116,0.000000,0.000000,0.000000
m43,2539,0.000000,0.000000,0.000000
m44,3047,0.000000,0.000000,0.000000
m45,3657,0.000000,0.000000,0.000000
m46,4388,5540.000000,1.000000,0.000000
m47,5266,0.000000,0.000000,0.000000
m48,6319,0.000000,0.000000,0.000000
m49,7583,0.000000,0.000000,0.000000
m50,9100,0.000000,0.000000,0.000000
m51,10920,0.000000,0.000000,0.000000
m52,13104,0.000000,0.000000,0.000000
m53,15725,0.000000,0.000000,0.000000
m54,18870,0.000000,0.000000,0.000000
m55,22644,0.000000,0.000000,0.000000
m56,27173,0.000000,0.000000,0.000000
m57,32608,0.000000,0.000000,0.000000
m58,39130,0.000000,0.000000,0.000000
m59,46956,0.000000,0.000000,0.000000
m60,56347,0.000000,0.000000,0.000000
m61,67617,0.000000,0.000000,0.000000
m62,81140,0.000000,0.000000,0.000000
m63,97368,0.000000,0.000000,0.000000
m64,116842,0.000000,0.000000,0.000000
m65,140210,5489.000000,1.000000,0.000000
m66,168252,5181.000000,1.000000,0.000000
m67,201903,0.000000,0.000000,0.000000
m68,242283,11552.000000,2.000000,0.000000
m69,290740,5277.000000,1.000000,0.000000
m70,348888,5549.000000,1.000000,0.000000
m71,418666,0.000000,0.000000,0.000000
m72,502400,5297.000000,1.000000,0.000000
m73,602880,22459.000000,4.000000,0.000000
m74,723456,11652.000000,2.000000,0.000000
m75,868147,40453.000000,7.000000,0.000000
m76,1041776,30113.000000,5.000000,0.000000
m77,1250132,28108.000000,5.000000,0.000000
m78,1500158,22727.000000,4.000000,0.000000
m79,1800190,33217.000000,6.000000,0.000000
m80,2160228,63456.000000,11.000000,0.000000
m81,2592274,126913.000000,22.000000,0.000000
m82,3110728,137686.000000,25.000000,0.000000
m83,3732874,191055.000000,34.000000,0.000000
m84,4479449,154404.000000,27.000000,0.000000
m85,5375339,141617.000000,25.000000,0.000000
m86,6450407,293069.000000,52.000000,0.000000
m87,7740489,387822.000000,67.000000,0.000000
m88,9288586,418241.000000,73.000000,0.000000
m89,11146304,537360.000000,96.000000,0.000000
m90,13375565,504930.000000,89.000000,0.000000
m91,16050678,568862.000000,99.000000,0.000000
m92,19260813,691599.000000,124.000000,0.000000
m93,23112976,881511.000000,155.000000,0.000000
m94,27735572,1186792.000000,211.000000,0.000000
m95,33282686,1473443.000000,262.000000,0.000000
m96,39939223,1719108.000000,303.000000,0.000000
m97,47927068,1953655.000000,345.000000,0.000000
m98,57512482,2456931.000000,437.000000,0.000000
m99,69014978,3268493.000000,580.000000,0.000000
minerID,power,rewards_gained,main_blocks_created,uncle_blocks_created
m0,1,0.000000,0.000000,0.000000
m1,1,0.000000,0.000000,0.000000
m2,1,0.000000,0.000000,0.000000
m3,1,0.000000,0.000000,0.000000
m4,2,0.000000,0.000000,0.000000
m5,2,0.000000,0.000000,0.000000
m6,2,0.000000,0.000000,0.000000
m7,3,0.000000,0.000000,0.000000
m8,4,0.000000,0.000000,0.000000
m9,5,0.000000,0.000000,0.000000
m10,6,0.000000,0.000000,0.000000
m11,7,0.000000,0.000000,0.000000
m12,8,0.000000,0.000000,0.000000
m13,10,0.000000,0.000000,0.000000
m14,12,0.000000,0.000000,0.000000
m15,15,0.000000,0.000000,0.000000
m16,18,0.000000,0.000000,0.000000
m17,22,0.000000,0.000000,0.000000
m18,26,0.000000,0.000000,0.000000
m19,31,0.000000,0.000000,0.000000
m20,38,0.000000,0.000000,0.000000
m21,46,0.000000,0.000000,0.000000
m22,55,0.000000,0.000000,0.000000
m23,66,0.000000,0.000000,0.000000
m24,79,0.000000,0.000000,0.000000
m25,95,0.000000,0.000000,0.000000
m26,114,0.000000,0.000000,0.000000
m27,137,0.000000,0.000000,0.000000
m28,164,0.000000,0.000000,0.000000
m29,197,0.000000,0.000000,0.000000
m30,237,0.000000,0.000000,0.000000
m31,284,0.000000,0.000000,0.000000
m32,341,0.000000,0.000000,0.000000
m33,410,0.000000,0.000000,0.000000
m34,492,0.000000,0.000000,0.000000
m35,590,0.000000,0.000000,0.000000
m36,708,0.000000,0.000000,0.000000
m37,850,0.000000,0.000000,0.000000
m38,1020,0.000000,0.000000,0.000000
m39,1224,0.000000,0.000000,0.000000
m40,1469,0.000000,0.000000,0.000000
m41,1763,0.000000,0.000000,0.000000
m42,2116,0.000000,0.000000,0.000000
m43,2539,0.000000,0.000000,0.000000
m44,3047,0.000000,0.000000,0.000000
m45,3657,0.000000,0.000000,0.000000
m46,4388,0.000000,0.000000,0.000000
m47,5266,5562.000000,1.000000,0.000000
m48,6319,0.000000,0.000000,0.000000
m49,7583,0.000000,0.000000,0.000000
m50,9100,0.000000,0.000000,0.000000
m51,10920,0.000000,0.000000,0.000000
m52,13104,0.000000,0.000000,0.000000
m53,15725,0.000000,0.000000,0.000000
m54,18870,16744.000000,3.000000,0.000000
m55,22644,0.000000,0.000000,0.000000
m56,27173,0.000000,0.000000,0.000000
m57,32608,0.000000,0.000000,0.000000
m58,39130,0.000000,0.000000,0.000000
m59,46956,0.000000,0.000000,0.000000
m60,56347,0.000000,0.000000,0.000000
m61,67617,16271.000000,3.000000,0.000000
m62,81140,11125.000000,2.000000,0.000000
m63,97368,5320.000000,1.000000,0.000000
m64,116842,5404.000000,1.000000,0.000000
m65,140210,0.000000,0.000000,0.000000
m66,168252,5368.000000,1.000000,0.000000
m67,201903,0.000000,0.000000,0.000000
m68,242283,10937.000000,2.000000,0.000000
m69,290740,5503.000000,1.000000,0.000000
m70,348888,17521.000000,3.000000,0.000000
m71,418666,5846.000000,1.000000,0.000000
m72,502400,10500.000000,2.000000,0.000000
m73,602880,27462.000000,5.000000,0.000000
m74,723456,23454.000000,4.000000,0.000000
m75,868147,35196.000000,6.000000,0.000000
m76,1041776,46405.000000,8.000000,0.000000
m77,1250132,44122.000000,8.000000,0.000000
m78,1500158,40510.000000,7.000000,0.000000
m79,1800190,66696.000000,12.000000,0.000000
m80,2160228,79553.000000,14.000000,0.000000
m81,2592274,131085.000000,24.000000,0.000000
m82,3110728,92799.000000,16.000000,0.000000
m83,3732874,170290.000000,30.000000,0.000000
m84,4479449,151350.000000,26.000000,0.000000
m85,5375339,176495.000000,31.000000,0.000000
m86,6450407,319544.000000,56.000000,0.000000
m87,7740489,302773.000000,53.000000,0.000000
m88,9288586,328447.000000,59.000000,0.000000
m89,11146304,444328.000000,79.000000,0.000000
m90,13375565,610211.000000,109.000000,0.000000
m91,16050678,614993.000000,108.000000,0.000000
m92,19260813,888625.000000,155.000000,0.000000
m93,23112976,915780.000000,162.000000,0.000000
m94,27735572,1105163.000000,196.000000,0.000000
m95,33282686,1400822.000000,244.000000,0.000000
m96,39939223,1567722.000000,278.000000,0.000000
m97,47927068,2254853.000000,398.000000,0.000000
m98,57512482,2421887.000000,430.000000,0.000000
m99,69014978,2886344.000000,514.000000,0.000000
minerID,power,rewards_gained,main_blocks_created,uncle_blocks_created
m0,1,0.000000,0.000000,0.000000
m1,1,0.000000,0.000000,0.000000
m2,1,0.000000,0.000000,0.000000
m3,1,0.000000,0.000000,0.000000
m4,2,0.000000,0.000000,0.000000
m5,2,0.000000,0.000000,0.000000
m6,2,0.000000,0.000000,0.000000
m7,3,0.000000,0.000000,0.000000
m8,4,0.000000,0.000000,0.000000
m9,5,0.000000,0.000000,0.000000
m10,6,0.000000,0.000000,0.000000
m11,7,0.000000,0.000000,0.000000
m12,8,0.000000,0.000000,0.000000
m13,10,0.000000,0.000000,0.000000
m14,12,0.000000,0.000000,0.000000
m15,15,0.000000,0.000000,0.000000
m16,18,0.000000,0.000000,0.000000
m17,22,0.000000,0.000000,0.000000
m18,26,0.000000,0.000000,0.000000
m19,31,0.000000,0.000000,0.000000
m20,38,0.000000,0.000000,0.000000
m21,46,0.000000,0.000000,0.000000
m22,55,0.000000,0.000000,0.000000
m23,66,0.000000,0.000000,0.000000
m24,79,0.000000,0.000000,0.000000
m25,95,0.000000,0.000000,0.000000
m26,114,0.000000,0.000000,0.000000
m27,137,0.000000,0.000000,0.000000
m28,164,0.000000,0.000000,0.000000
m29,197,0.000000,0.000000,0.000000
m30,237,0.000000,0.000000,0.000000
m31,284,0.000000,0.000000,0.000000
m32,341,0.000000,0.000000,0.000000
m33,410,0.000000,0.000000,0.000000
m34,492,0.000000,0.000000,0.000000
m35,590,0.000000,0.000000,0.000000
m36,708,0.000000,0.000000,0.000000
m37,850,0.000000,0.000000,0.000000
m38,1020,0.000000,0.000000,0.000000
m39,1224,0.000000,0.000000,0.000000
m40,1469,0.000000,0.000000,0.000000
m41,1763,0.000000,0.000000,0.000000
m42,2116,0.000000,0.000000,0.000000
m43,2539,0.000000,0.000000,0.000000
m44,3047,0.000000,0.000000,0.000000
m45,3657,0.000000,0.000000,0.000000
m46,4388,0.000000,0.000000,0.000000
m47,5266,0.000000,0.000000,0.000000
m48,6319,0.000000,0.000000,0.000000
m49,7583,0.000000,0.000000,0.000000
m50,9100,0.000000,0.000000,0.000000
m51,10920,0.000000,0.000000,0.000000
m52,13104,0.000000,0.000000,0.000000
m53,15725,0.000000,0.000000,0.000000
m54,18870,0.000000,0.000000,0.000000
m55,22644,0.000000,0.000000,0.000000
m56,27173,0.000000,0.000000,0.000000
m57,32608,0.000000,0.000000,0.000000
m58,39130,11667.000000,2.000000,0.000000
m59,46956,0.000000,0.000000,0.000000
m60,56347,0.000000,0.000000,0.000000
m61,67617,0.000000,0.000000,0.000000
m62,81140,0.000000,0.000000,0.000000
m63,97368,0.000000,0.000000,0.000000
m64,116842,17090.000000,3.000000,0.000000
m65,140210,11213.000000,2.000000,0.000000
m66,168252,0.000000,0.000000,0.000000
m67,201903,6643.000000,1.000000,0.000000
m68,242283,0.000000,0.000000,0.000000
m69,290740,5959.000000,1.000000,0.000000
m70,348888,5411.000000,1.000000,0.000000
m71,418666,21374.000000,4.000000,0.000000
m72,502400,17314.000000,3.000000,0.000000
m73,602880,29519.000000,5.000000,0.000000
m74,723456,5958.000000,1.000000,0.000000
m75,868147,22213.000000,4.000000,0.000000
m76,1041776,44439.000000,8.000000,0.000000
m77,1250132,45606.000000,8.000000,0.000000
m78,1500158,26917.000000,5.000000,0.000000
m79,1800190,86835.000000,15.000000,0.000000
m80,2160228,118970.000000,21.000000,0.000000
m81,2592274,136622.000000,24.000000,0.000000
m82,3110728,124664.000000,22.000000,0.000000
m83,3732874,148106.000000,26.000000,0.000000
m84,4479449,162182.000000,29.000000,0.000000
m85,5375339,152318.000000,26.000000,0.000000
m86,6450407,195947.000000,35.000000,0.000000
m87,7740489,271902.000000,48.000000,0.000000
m88,9288586,427300.000000,76.000000,0.000000
m89,11146304,488434.000000,85.000000,0.000000
m90,13375565,476031.000000,85.000000,0.000000
m91,16050678,672648.000000,118.000000,0.000000
m92,19260813,875613.000000,154.000000,0.000000
m93,23112976,962790.000000,170.000000,0.000000
m94,27735572,1120489.000000,196.000000,0.000000
m95,33282686,1406879.000000,245.000000,0.000000
m96,39939223,1505816.000000,266.000000,0.000000
m97,47927068,1981989.000000,350.000000,0.000000
m98,57512482,2388969.000000,420.000000,0.000000
m99,69014978,2628399.000000,462.000000,0.000000
minerID,power,rewards_gained,main_blocks_created,uncle_blocks_created
m0,1,0.000000,0.000000,0.000000
m1,1,0.000000,0.000000,0.000000
m2,1,0.000000,0.000000,0.000000
m3,1,0.000000,0.000000,0.000000
m4,2,0.000000,0.000000,0.000000
m5,2,0.000000,0.000000,0.000000
m6,2,0.000000,0.000000,0.000000
m7,3,0.000000,0.000000,0.000000
m8,4,0.000000,0.000000,0.000000
m9,5,0.000000,0.000000,0.000000
m10,6,0.000000,0.000000,0.000000
m11,7,0.000000,0.000000,0.000000
m12,8,0.000000,0.000000,0.000000
m13,10,0.000000,0.000000,0.000000
m14,12,0.000000,0.000000,0.000000
m15,15,0.000000,0.000000,0.000000
m16,18,0.000000,0.000000,0.000000
m17,22,0.000000,0.000000,0.000000
m18,26,0.000000,0.000000,0.000000
m19,31,0.000000,0.000000,0.000000
m20,38,0.000000,0.000000,0.000000
m21,46,0.000000,0.000000,0.000000
m22,55,0.000000,0.000000,0.000000
m23,66,0.000000,0.000000,0.000000
m24,79,0.000000,0.000000,0.000000
m25,95,0.000000,0.000000,0.000000
m26,114,0.000000,0.000000,0.000000
m27,137,0.000000,0.000000,0.000000
m28,164,0.000000,0.000000,0.000000
m29,197,0.000000,0.000000,0.000000
m30,237,0.000000,0.000000,0.000000
m31,284,0.000000,0.000000,0.000000
m32,341,0.000000,0.000000,0.000000
m33,410,0.000000,0.000000,0.000000
m34,492,0.000000,0.000000,0.000000
m35,590,0.000000,0.000000,0.000000
m36,708,0.000000,0.000000,0.000000
m37,850,0.000000,0.000000,0.000000
m38,1020,0.000000,0.000000,0.000000
m39,1224,5685.000000,1.000000,0.000000
m40,1469,0.000000,0.000000,0.000000
m41,1763,0.000000,0.000000,0.000000
m42,2116,0.000000,0.000000,0.000000
m43,2539,0.000000,0.000000,0.000000
m44,3047,0.000000,0.000000,0.000000
m45,3657,0.000000,0.000000,0.000000
m46,4388,0.000000,0.000000,0.000000
m47,5266,0.000000,0.000000,0.000000
m48,6319,0.000000,0.000000,0.000000
m49,7583,0.000000,0.000000,0.000000
m50,9100,0.000000,0.000000,0.000000
m51,10920,0.000000,0.000000,0.000000
m52,13104,5626.000000,1.000000,0.000000
m53,15725,0.000000,0.000000,0.000000
m54,18870,0.000000,0.000000,0.000000
m55,22644,0.000000,0.000000,0.000000
m56,27173,0.000000,0.000000,0.000000
m57,32608,0.000000,0.000000,0.000000
m58,39130,0.000000,0.000000,0.000000
m59,46956,0.000000,0.000000,0.000000
m60,56347,0.000000,0.000000,0.000000
m61,67617,0.000000,0.000000,0.000000
m62,81140,0.000000,0.000000,0.000000
m63,97368,0.000000,0.000000,0.000000
m64,116842,5257.000000,1.000000,0.000000
m65,140210,15842.000000,3.000000,0.000000
m66,168252,0.000000,0.000000,0.000000
m67,201903,0.000000,0.000000,0.000000
m68,242283,5990.000000,1.000000,0.000000
m69,290740,6522.000000,1.000000,0.000000
m70,348888,27555.000000,5.000000,0.000000
m71,418666,18592.000000,3.000000,0.000000
m72,502400,11216.000000,2.000000,0.000000
m73,602880,12026.000000,2.000000,0.000000
m74,723456,30611.000000,5.000000,0.000000
m75,868147,22263.000000,4.000000,0.000000
m76,1041776,69373.000000,12.000000,0.000000
m77,1250132,60521.000000,11.000000,0.000000
m78,1500158,36224.000000,6.000000,0.000000
m79,1800190,83861.000000,15.000000,0.000000
m80,2160228,85368.000000,15.000000,0.000000
m81,2592274,121239.000000,21.000000,0.000000
m82,3110728,108991.000000,19.000000,0.000000
m83,3732874,194156.000000,35.000000,0.000000
m84,4479449,200564.000000,35.000000,0.000000
m85,5375339,216279.000000,38.000000,0.000000
m86,6450407,235256.000000,41.000000,0.000000
m87,7740489,319825.000000,57.000000,0.000000
m88,9288586,345866.000000,62.000000,0.000000
m89,11146304,489688.000000,88.000000,0.000000
m90,13375565,510144.000000,90.000000,0.000000
m91,16050678,683949.000000,120.000000,0.000000
m92,19260813,784545.000000,138.000000,0.000000
m93,23112976,1086710.000000,192.000000,0.000000
m94,27735572,1111539.000000,197.000000,0.000000
m95,33282686,1300131.000000,229.000000,0.000000
m96,39939223,1526370.000000,268.000000,0.000000
m97,47927068,2027444.000000,359.000000,0.000000
m98,57512482,2343925.000000,415.000000,0.000000
m99,69014978,3075430.000000,545.000000,0.000000
minerID,power,rewards_gained,main_blocks_created,uncle_blocks_created
m0,1,0.000000,0.000000,0.000000
m1,1,0.000000,0.000000,0.000000
m2,1,0.000000,0.000000,0.000000
m3,1,0.000000,0.000000,0.000000
m4,2,0.000000,0.000000,0.000000
m5,2,0.000000,0.000000,0.000000
m6,2,0.000000,0.000000,0.000000
m7,3,0.000000,0.000000,0.000000
m8,4,0.000000,0.000000,0.000000
m9,5,0.000000,0.000000,0.000000
m10,6,0.000000,0.000000,0.000000
m11,7,0.000000,0.000000,0.000000
m12,8,0.000000,0.000000,0.000000
m13,10,0.000000,0.000000,0.000000
m14,12,0.000000,0.000000,0.000000
m15,15,0.000000,0.000000,0.000000
m16,18,0.000000,0.000000,0.000000
m17,22,0.000000,0.000000,0.000000
m18,26,0.000000,0.000000,0.000000
m19,31,0.000000,0.000000,0.000000
m20,38,0.000000,0.000000,0.000000
m21,46,0.000000,0.000000,0.000000
m22,55,0.000000,0.000000,0.000000
m23,66,0.000000,0.000000,0.000000
m24,79,0.000000,0.000000,0.000000
m25,95,0.000000,0.000000,0.000000
m26,114,0.000000,0.000000,0.000000
m27,137,0.000000,0.000000,0.000000
m28,164,0.000000,0.000000,0.000000
m29,197,0.000000,0.000000,0.000000
m30,237,0.000000,0.000000,0.000000
m31,284,0.000000,0.000000,0.000000
m32,341,0.000000,0.000000,0.000000
m33,410,0.000000,0.000000,0.000000
m34,492,0.000000,0.000000,0.000000
m35,590,0.000000,0.000000,0.000000
m36,708,0.000000,0.000000,0.000000
m37,850,0.000000,0.000000,0.000000
m38,1020,0.000000,0.000000,0.000000
m39,1224,0.000000,0.000000,0.000000
m40,1469,0.000000,0.000000,0.000000
m41,1763,0.000000,0.000000,0.000000
m42,2116,0.000000,0.000000,0.000000
m43,2539,0.000000,0.000000,0.000000
m44,3047,0.000000,0.000000,0.000000
m45,3657,0.000000,0.000000,0.000000
m46,4388,0.000000,0.000000,0.000000
m47,5266,0.000000,0.000000,0.000000
m48,6319,0.000000,0.000000,0.000000
m49,7583,0.000000,0.000000,0.000000
m50,9100,0.000000,0.000000,0.000000
m51,10920,0.000000,0.000000,0.000000
m52,13104,0.000000,0.000000,0.000000
m53,15725,0.000000,0.000000,0.000000
m54,18870,0.000000,0.000000,0.000000
m55,22644,0.000000,0.000000,0.000000
m56,27173,0.000000,0.000000,0.000000
m57,32608,0.000000,0.000000,0.000000
m58,39130,5240.000000,1.000000,0.000000
m59,46956,0.000000,0.000000,0.000000
m60,56347,0.000000,0.000000,0.000000
m61,67617,0.000000,0.000000,0.000000
m62,81140,0.000000,0.000000,0.000000
m63,97368,0.000000,0.000000,0.000000
m64,116842,5331.000000,1.000000,0.000000
m65,140210,0.000000,0.000000,0.000000
m66,168252,5428.000000,1.000000,0.000000
m67,201903,5222.000000,1.000000,0.000000
m68,242283,16469.000000,3.000000,0.000000
m69,290740,0.000000,0.000000,0.000000
m70,348888,17784.000000,3.000000,0.000000
m71,418666,16374.000000,3.000000,0.000000
m72,502400,27854.000000,5.000000,0.000000
m73,602880,6022.000000,1.000000,0.000000
m74,723456,28198.000000,5.000000,0.000000
m75,868147,45552.000000,8.000000,0.000000
m76,1041776,47691.000000,8.000000,0.000000
m77,1250132,54545.000000,10.000000,0.000000
m78,1500158,69699.000000,12.000000,0.000000
m79,1800190,59004.000000,11.000000,0.000000
m80,2160228,94113.000000,16.000000,0.000000
m81,2592274,104324.000000,18.000000,0.000000
m82,3110728,153954.000000,27.000000,0.000000
m83,3732874,163777.000000,29.000000,0.000000
m84,4479449,174143.000000,31.000000,0.000000
m85,5375339,183885.000000,33.000000,0.000000
m86,6450407,161234.000000,29.000000,0.000000
m87,7740489,238121.000000,43.000000,0.000000
m88,9288586,395222.000000,69.000000,0.000000
m89,11146304,343821.000000,61.000000,0.000000
m90,13375565,449789.000000,80.000000,0.000000
m91,16050678,631359.000000,112.000000,0.000000
m92,19260813,727784.000000,127.000000,0.000000
m93,23112976,839053.000000,147.000000,0.000000
m94,27735572,1168454.000000,204.000000,0.000000
m95,33282686,1207163.000000,214.000000,0.000000
m96,39939223,1953481.000000,344.000000,0.000000
m97,47927068,2060714.000000,364.000000,0.000000
m98,57512482,2867403.000000,510.000000,0.000000
m99,69014978,3006642.000000,536.000000,0.000000
minerID,power,rewards_gained,main_blocks_created,uncle_blocks_created
m0,1,0.000000,0.000000,0.000000
m1,1,0.000000,0.000000,0.000000
m2,1,0.000000,0.000000,0.000000
m3,1,0.000000,0.000000,0.000000
m4,2,0.000000,0.000000,0.000000
m5,2,0.000000,0.000000,0.000000
m6,2,0.000000,0.000000,0.000000
m7,3,0.000000,0.000000,0.000000
m8,4,0.000000,0.000000,0.000000
m9,5,0.000000,0.000000,0.000000
m10,6,0.000000,0.000000,0.000000
m11,7,0.000000,0.000000,0.000000
m12,8,0.000000,0.000000,0.000000
m13,10,0.000000,0.000000,0.000000
m14,12,0.000000,0.000000,0.000000
m15,15,0.000000,0.000000,0.000000
m16,18,0.000000,0.000000,0.000000
m17,22,0.000000,0.000000,0.000000
m18,26,0.000000,0.000000,0.000000
m19,31,0.000000,0.000000,0.000000
m20,38,0.000000,0.000000,0.000000
m21,46,0.000000,0.000000,0.000000
m22,55,0.000000,0.000000,0.000000
m23,66,0.000000,0.000000,0.000000
m24,79,0.000000,0.000000,0.000000
m25,95,0.000000,0.000000,0.000000
m26,114,0.000000,0.000000,0.000000
m27,137,0.000000,0.000000,0.000000
m28,164,0.000000,0.000000,0.000000
m29,197,0.000000,0.000000,0.000000
m30,237,0.000000,0.000000,0.000000
m31,284,0.000000,0.000000,0.000000
m32,341,0.000000,0.000000,0.000000
m33,410,0.000000,0.000000,0.000000
m34,492,0.000000,0.000000,0.000000
m35,590,0.000000,0.000000,0.000000
m36,708,0.000000,0.000000,0.000000
m37,850,0.000000,0.000000,0.000000
m38,1020,5769.000000,1.000000,0.000000
m39,1224,0.000000,0.000000,0.000000
m40,1469,0.000000,0.000000,0.000000
m41,1763,0.000000,0.000000,0.000000
m42,2116,0.000000,0.000000,0.000000
m43,2539,5379.000000,1.000000,0.000000
m44,3047,0.000000,0.000000,0.000000
m45,3657,0.000000,0.000000,0.000000
m46,4388,0.000000,0.000000,0.000000
m47,5266,0.000000,0.000000,0.000000
m48,6319,0.000000,0.000000,0.000000
m49,7583,0.000000,0.000000,0.000000
m50,9100,5072.000000,1.000000,0.000000
m51,10920,0.000000,0.000000,0.000000
m52,13104,0.000000,0.000000,0.000000
m53,15725,0.000000,0.000000,0.000000
m54,18870,0.000000,0.000000,0.000000
m55,22644,0.000000,0.000000,0.000000
m56,27173,0.000000,0.000000,0.000000
m57,32608,0.000000,0.000000,0.000000
m58,39130,0.000000,0.000000,0.000000
m59,46956,0.000000,0.000000,0.000000
m60,56347,0.000000,0.000000,0.000000
m61,67617,6881.000000,1.000000,0.000000
m62,81140,0.000000,0.000000,0.000000
m63,97368,6051.000000,1.000000,0.000000
m64,116842,0.000000,0.000000,0.000000
m65,140210,5337.000000,1.000000,0.000000
m66,168252,7988.000000,1.000000,0.000000
m67,201903,5366.000000,1.000000,0.000000
m68,242283,17999.000000,3.000000,0.000000
m69,290740,5439.000000,1.000000,0.000000
m70,348888,32978.000000,6.000000,0.000000
m71,418666,23407.000000,4.000000,0.000000
m72,502400,22253.000000,4.000000,0.000000
m73,602880,11743.000000,2.000000,0.000000
m74,723456,23176.000000,4.000000,0.000000
m75,868147,11308.000000,2.000000,0.000000
m76,1041776,42778.000000,7.000000,0.000000
m77,1250132,49940.000000,9.000000,0.000000
m78,1500158,72525.000000,13.000000,0.000000
m79,1800190,57112.000000,10.000000,0.000000
m80,2160228,103581.000000,18.000000,0.000000
m81,2592274,101762.000000,18.000000,0.000000
m82,3110728,145322.000000,25.000000,0.000000
m83,3732874,134675.000000,23.000000,0.000000
m84,4479449,209939.000000,36.000000,0.000000
m85,5375339,232247.000000,41.000000,0.000000
m86,6450407,237207.000000,42.000000,0.000000
m87,7740489,292970.000000,51.000000,0.000000
m88,9288586,351076.000000,62.000000,0.000000
m89,11146304,375243.000000,66.000000,0.000000
m90,13375565,483509.000000,84.000000,0.000000
m91,16050678,596081.000000,105.000000,0.000000
m92,19260813,764953.000000,135.000000,0.000000
m93,23112976,807790.000000,142.000000,0.000000
m94,27735572,806177.000000,142.000000,0.000000
m95,33282686,1328330.000000,235.000000,0.000000
m96,39939223,1679008.000000,295.000000,0.000000
m97,47927068,1884357.000000,336.000000,0.000000
m98,57512482,2728368.000000,485.000000,0.000000
m99,69014978,3117404.000000,546.000000,0.000000
minerID,power,rewards_gained,main_blocks_created,uncle_blocks_created
m0,1,0.000000,0.000000,0.000000
m1,1,0.000000,0.000000,0.000000
m2,1,0.000000,0.000000,0.000000
m3,1,0.000000,0.000000,0.000000
m4,2,0.000000,0.000000,0.000000
m5,2,0.000000,0.000000,0.000000
m6,2,0.000000,0.000000,0.000000
m7,3,0.000000,0.000000,0.000000
m8,4,0.000000,0.000000,0.000000
m9,5,0.000000,0.000000,0.000000
m10,6,0.000000,0.000000,0.000000
m11,7,0.000000,0.000000,0.000000
m12,8,0.000000,0.000000,0.000000
m13,10,0.000000,0.000000,0.000000
m14,12,0.000000,0.000000,0.000000
m15,15,0.000000,0.000000,0.000000
m16,18,0.000000,0.000000,0.000000
m17,22,0.000000,0.000000,0.000000
m18,26,0.000000,0.000000,0.000000
m19,31,0.000000,0.000000,0.000000
m20,38,0.000000,0.000000,0.000000
m21,46,0.000000,0.000000,0.000000
m22,55,0.000000,0.000000,0.000000
m23,66,0.000000,0.000000,0.000000
m24,79,0.000000,0.000000,0.000000
m25,95,0.000000,0.000000,0.000000
m26,114,0.000000,0.000000,0.000000
m27,137,0.000000,0.000000,0.000000
m28,164,0.000000,0.000000,0.000000
m29,197,0.000000,0.000000,0.000000
m30,237,0.000000,0.000000,0.000000
m31,284,0.000000,0.000000,0.000000
m32,341,0.000000,0.000000,0.000000
m33,410,0.000000,0.000000,0.000000
m34,492,0.000000,0.000000,0.000000
m35,590,0.000000,0.000000,0.000000
m36,708,0.000000,0.000000,0.000000
m37,850,0.000000,0.000000,0.000000
m38,1020,0.000000,0.000000,0.000000
m39,1224,0.000000,0.000000,0.000000
m40,1469,0.000000,0.000000,0.000000
m41,1763,0.000000,0.000000,0.000000
m42,2116,0.000000,0.000000,0.000000
m43,2539,0.000000,0.000000,0.000000
m44,3047,0.000000,0.000000,0.000000
m45,3657,0.000000,0.000000,0.000000
m46,4388,0.000000,0.000000,0.000000
m47,5266,0.000000,0.000000,0.000000
m48,6319,0.000000,0.000000,0.000000
m49,7583,0.000000,0.000000,0.000000
m50,9100,0.000000,0.000000,0.000000
m51,10920,0.000000,0.000000,0.000000
m52,13104,0.000000,0.000000,0.000000
m53,15725,0.000000,0.000000,0.000000
m54,18870,5173.000000,1.000000,0.000000
m55,22644,0.000000,0.000000,0.000000
m56,27173,5223.000000,1.000000,0.000000
m57,32608,0.000000,0.000000,0.000000
m58,39130,0.000000,0.000000,0.000000
m59,46956,0.000000,0.000000,0.000000
m60,56347,5631.000000,1.000000,0.000000
m61,67617,6437.000000,1.000000,0.000000
m62,81140,0.000000,0.000000,0.000000
m63,97368,11261.000000,2.000000,0.000000
m64,116842,5431.000000,1.000000,0.000000
m65,140210,5202.000000,1.000000,0.000000
m66,168252,0.000000,0.000000,0.000000
m67,201903,5214.000000,1.000000,0.000000
m68,242283,0.000000,0.000000,0.000000
m69,290740,16965.000000,3.000000,0.000000
m70,348888,16886.000000,3.000000,0.000000
m71,418666,18394.000000,3.000000,0.000000
m72,502400,24065.000000,4.000000,0.000000
m73,602880,41118.000000,7.000000,0.000000
m74,723456,10529.000000,2.000000,0.000000
m75,868147,32538.000000,6.000000,0.000000
m76,1041776,46315.000000,8.000000,0.000000
m77,1250132,27305.000000,5.000000,0.000000
m78,1500158,58251.000000,10.000000,0.000000
m79,1800190,57295.000000,10.000000,0.000000
m80,2160228,79057.000000,14.000000,0.000000
m81,2592274,83555.000000,14.000000,0.000000
m82,3110728,103606.000000,18.000000,0.000000
m83,3732874,103142.000000,18.000000,0.000000
m84,4479449,188324.000000,33.000000,0.000000
m85,5375339,235695.000000,41.000000,0.000000
m86,6450407,267949.000000,47.000000,0.000000
m87,7740489,337019.000000,60.000000,0.000000
m88,9288586,335781.000000,61.000000,0.000000
m89,11146304,422398.000000,76.000000,0.000000
m90,13375565,517236.000000,90.000000,0.000000
m91,16050678,676094.000000,119.000000,0.000000
m92,19260813,827112.000000,145.000000,0.000000
m93,23112976,759013.000000,132.000000,0.000000
m94,27735572,1140049.000000,202.000000,0.000000
m95,33282686,1463009.000000,260.000000,0.000000
m96,39939223,1699387.000000,299.000000,0.000000
m97,47927068,2048838.000000,360.000000,0.000000
m98,57512482,2347349.000000,418.000000,0.000000
m99,69014978,2886224.000000,507.000000,0.000000
minerID,power,rewards_gained,main_blocks_created,uncle_blocks_created
m0,1,0.000000,0.000000,0.000000
m1,1,0.000000,0.000000,0.000000
m2,1,0.000000,0.000000,0.000000
m3,1,0.000000,0.000000,0.000000
m4,2,0.000000,0.000000,0.000000
m5,2,0.000000,0.000000,0.000000
m6,2,0.000000,0.000000,0.000000
m7,3,0.000000,0.000000,0.000000
m8,4,0.000000,0.000000,0.000000
m9,5,0.000000,0.000000,0.000000
m10,6,0.000000,0.000000,0.000000
m11,7,0.000000,0.000000,0.000000
m12,8,0.000000,0.000000,0.000000
m13,10,0.000000,0.000000,0.000000
m14,12,0.000000,0.000000,0.000000
m15,15,0.000000,0.000000,0.000000
m16,18,0.000000,0.000000,0.000000
m17,22,0.000000,0.000000,0.000000
m18,26,0.000000,0.000000,0.000000
m19,31,0.000000,0.000000,0.000000
m20,38,0.000000,0.000000,0.000000
m21,46,0.000000,0.000000,0.000000
m22,55,0.000000,0.000000,0.000000
m23,66,0.000000,0.000000,0.000000
m24,79,0.000000,0.000000,0.000000
m25,95,0.000000,0.000000,0.000000
m26,114,0.000000,0.000000,0.000000
m27,137,0.000000,0.000000,0.000000
m28,164,0.000000,0.000000,0.000000
m29,197,0.000000,0.000000,0.000000
m30,237,0.000000,0.000000,0.000000
m31,284,0.000000,0.000000,0.000000
m32,341,0.000000,0.000000,0.000000
m33,410,0.000000,0.000000,0.000000
m34,492,0.000000,0.000000,0.000000
m35,590,0.000000,0.000000,0.000000
m36,708,0.000000,0.000000,0.000000
m37,850,0.000000,0.000000,0.000000
m38,1020,0.000000,0.000000,0.000000
m39,1224,0.000000,0.000000,0.000000
m40,1469,0.000000,0.000000,0.000000
m41,1763,0.000000,0.000000,0.000000
m42,2116,0.000000,0.000000,0.000000
m43,2539,0.000000,0.000000,0.000000
m44,3047,0.000000,0.000000,0.000000
m45,3657,0.000000,0.000000,0.000000
m46,4388,0.000000,0.000000,0.000000
m47,5266,0.000000,0.000000,0.000000
m48,6319,0.000000,0.000000,0.000000
m49,7583,0.000000,0.000000,0.000000
m50,9100,0.000000,0.000000,0.000000
m51,10920,0.000000,0.000000,0.000000
m52,13104,0.000000,0.000000,0.000000
m53,15725,0.000000,0.000000,0.000000
m54,18870,0.000000,0.000000,0.000000
m55,22644,0.000000,0.000000,0.000000
m56,27173,0.000000,0.000000,0.000000
m57,32608,5689.000000,1.000000,0.000000
m58,39130,5351.000000,1.000000,0.000000
m59,46956,0.000000,0.000000,0.000000
m60,56347,0.000000,0.000000,0.000000
m61,67617,11149.000000,2.000000,0.000000
m62,81140,0.000000,0.000000,0.000000
m63,97368,5383.000000,1.000000,0.000000
m64,116842,5307.000000,1.000000,0.000000
m65,140210,10912.000000,2.000000,0.000000
m66,168252,11027.000000,2.000000,0.000000
m67,201903,0.000000,0.000000,0.000000
m68,242283,16483.000000,3.000000,0.000000
m69,290740,10963.000000,2.000000,0.000000
m70,348888,6190.000000,1.000000,0.000000
m71,418666,0.000000,0.000000,0.000000
m72,502400,12296.000000,2.000000,0.000000
m73,602880,38732.000000,7.000000,0.000000
m74,723456,25368.000000,4.000000,0.000000
m75,868147,23480.000000,4.000000,0.000000
m76,1041776,66668.000000,12.000000,0.000000
m77,1250132,68047.000000,12.000000,0.000000
m78,1500158,71215.000000,12.000000,0.000000
m79,1800190,80685.000000,14.000000,0.000000
m80,2160228,73877.000000,13.000000,0.000000
m81,2592274,79276.000000,14.000000,0.000000
m82,3110728,147502.000000,26.000000,0.000000
m83,3732874,171310.000000,30.000000,0.000000
m84,4479449,185215.000000,32.000000,0.000000
m85,5375339,245934.000000,43.000000,0.000000
m86,6450407,215574.000000,38.000000,0.000000
m87,7740489,371742.000000,66.000000,0.000000
m88,9288586,454438.000000,81.000000,0.000000
m89,11146304,340988.000000,60.000000,0.000000
m90,13375565,658653.000000,116.000000,0.000000
m91,16050678,788241.000000,139.000000,0.000000
m92,19260813,686537.000000,122.000000,0.000000
m93,23112976,976549.000000,172.000000,0.000000
m94,27735572,1005649.000000,178.000000,0.000000
m95,33282686,1383106.000000,244.000000,0.000000
m96,39939223,1797395.000000,318.000000,0.000000
m97,47927068,1812760.000000,319.000000,0.000000
m98,57512482,2144723.000000,382.000000,0.000000
m99,69014978,3205478.000000,568.000000,0.000000
